Produkt,Preis,Region
https://www.ebay.ch/b/PC-Notebooks-Netbooks/177/bn_466644,1000,Zürich
https://www.ebay.ch/b/PC-Notebooks-Netbooks/177/bn_466644,1000,Zürich
https://www.ebay.ch/b/PC-Notebooks-Netbooks/177/bn_466644,500,Basel
https://www.ebay.ch/b/Apple-Notebooks/111422/bn_466752,9000,Genf
https://www.ebay.ch/b/Computer-Tablets-Netzwerk/58058/bn_1845234,6000,Genf
https://www.ebay.ch/b/Computer-Tablets-Netzwerk/58058/bn_1845234,150,St. Moritz
https://www.ebay.ch/b/PC-Notebooks-Netbooks/177/bn_466644,250,Zürich
https://www.ebay.ch/b/Computer-Tablets-Netzwerk/58058/bn_1845234,200,Genf
https://www.ebay.ch/b/Apple-Notebooks/111422/bn_466752,5000,Bern
https://www.ebay.ch/b/Computer-Tablets-Netzwerk/58058/bn_1845234,100,Winterthur
https://www.ebay.ch/b/Apple-Notebooks/111422/bn_466752,350,St. Gallen,https://www.ebay.ch/b/Apple-Notebooks/111422/bn_466752
https://www.ebay.ch/b/PC-Notebooks-Netbooks/177/bn_466644,6000,Chur,https://www.ebay.ch/b/PC-Notebooks-Netbooks/177/bn_466644
https://www.ebay.ch/b/PC-Notebooks-Netbooks/177/bn_466644,500,Davos,
https://www.ebay.ch/b/Apple-Notebooks/111422/bn_466752,500,Lenzerheide,
https://www.ebay.ch/b/Computer-Tablets-Netzwerk/58058/bn_1845234,400,Zürich,
https://www.ebay.ch/b/Computer-Tablets-Netzwerk/58058/bn_1845234,100,Bern,
https://www.ebay.ch/b/Apple-Notebooks/111422/bn_466752,500,Basel,
https://www.ebay.ch/b/Apple-Notebooks/111422/bn_466752,650,Luzern,
https://www.ebay.ch/b/PC-Notebooks-Netbooks/177/bn_466644,600,Basel,
https://www.ebay.ch/b/Apple-Notebooks/111422/bn_466752,5000,Basel-Stadt,
https://www.ebay.ch/b/Computer-Tablets-Netzwerk/58058/bn_1845234,2000,St. Gallen,
https://www.ebay.ch/b/Apple-Notebooks/111422/bn_466752,9900,Altstetten,
https://www.ebay.ch/b/Apple-Notebooks/111422/bn_466752,2500,Davos,
https://www.ebay.ch/b/Apple-Notebooks/111422/bn_466752,8900,Oberwil,
https://www.ebay.ch/b/Apple-Notebooks/111422/bn_466752,3000,Zürich-Flughafen,
https://www.ebay.ch/b/Apple-Notebooks/111422/bn_466752,2500,Zürich-Flughafen,
https://www.ebay.ch/b/Apple-Notebooks/111422/bn_466752,2000,Basel,
https://www.ebay.ch/b/Apple-Notebooks/111422/bn_466752,2000,Basel,
https://www.ebay.ch/b/Apple-Notebooks/111422/bn_466752,2000,Basel,
https://www.ebay.ch/b/Apple-Notebooks/111422/bn_466752,2000,Basel,
https://www.ebay.ch/b/Apple-Notebooks/111422/bn_466752,2000,Basel,
Gitarre,100,Basel,
Fussball,250,Bern,
Gitarre,700,Schweiz,
gitarre,700,Schweiz,
Gitarre,700,Schweiz,
Gitarre,700,Schweiz,
Gitarre,700,Schweiz,
Gitarre,700,Schweiz,
gitarre,700,Schweiz,
Gitarre,700,Schweiz,
Gitarre,700,Schweiz,
Gitarre,700,Schweiz,
Gitarre,700,Schweiz,
Gitarre,700,Schweiz,
Gitarre,700,Schweiz,
Gitarre,700,China,
<<<<<<< HEAD
tennisschläger,700,schweiz,
=======
Hundeleine,100,Schweiz,
Hundeleine,100,Schweiz,
Hundeleine,100,Bern,
Hundehalsband,50,Schweiz,
Hundehalsband,50,Schweiz,
Hundespielzeug,150,Schweiz,
Hundespielzeug,150,Schweiz,
Gitarre,500,Schweiz,
Gitarre,500,Schweiz,
Hundeleine,100,Schweiz,
Lego,100,Schweiz,
Laptop,5000,Schweiz,
Lego,100,Schweiz,
Star Wars,200,Schweiz,
Lego,50,Schweiz,
Elefant,150,Schweiz,
Katzenspielzug,50,Schweiz,
Katzenspielzug,50,Schweiz,
>>>>>>> 305ed738325e3f8fb826e173388eb1302246adf0
Tennisball,100,schweiz,
Tennisball,100,schweiz,
gitarre,100,Schweiz,
gitarre,100,schweiz,
gitarre,100,Schweiz,
gitarre,100,Schweiz,
gitarre,100,schweiz,
gitarre,50,schweiz,
Fussball,100,Schweiz,
Pokemon,111,Schweiz,
Ball,112,Schweiz,
Kopfhörer,555,Deutschland,
Uhr,985,Schweiz,
Pokemon,112,Schweiz,
Tennisball,542,Schweiz,
Vitra,100,Schweiz,
Klavier,250,Deutschland,
Schuhe,50,Schweiz,
