imageDescription,span_secondary_default,span_secondary_large,price,span_italic_large,span_default
,,,,,Shop on eBay
,,,,,Shop on eBay
,,,,,Reise-Akustikgitarre 36 Zoll Mini Ebenholz Holz mit Tasche (kanadische Marke)
,,,,,Mini-Gitarre Groß Hoch Schwarz V-Gitarre Mini-Musikinstrument
,,,,,"Yamaha Guitalele GL1, Wandergitarre, inkl. Tasche"
,,,,,Massive Zederndecke Koa Holz Akustikgitarre Mini 36 Zoll mit Tasche (kanadische Marke)
,,,,,"Gitarre, Folk, Klassischer Akkordassistent, Ein-Tasten-Akkordgerät, Tastend9503"
,,,,,"Gitarre, Folk, Klassischer Akkordassistent, Ein-Tasten-Akkordgerät, Tastend6961"
,,,,,"Gitarre, Folk, Klassischer Akkordassistent, Ein-Tasten-Akkordgerät, Tastend8336"
,,,,,"Gitarre, Folk, Klassischer Akkordassistent, Ein-Tasten-Akkordgerät, Tastend5363"
,,,,,Taschengitarre Übungsgitarre Fingerübung Halsgitarre Kit Mit Tasche Set
,,,,,"Gitarre, Folk, Klassischer Akkordassistent, Ein-Tasten-Akkordgerät, Tastend1616"
,,,,,Taschengitarre Übungsgitarre Fingerübung Halsgitarre Kit Mit Tasche Schwarz
,,,,,"Gitarren ÜBungshals, Gitarrentrainer, Tragbares Gitarren Akkord ÜBu5397"
,,,,,"Gitarren ÜBungshals, Gitarrentrainer, Tragbares Gitarren Akkord ÜBu8245"
,,,,,Akustikgitarre Mini 36 Zoll Zebra Holz mit Tasche (kanadische Marke)
,,,,,Reise-Akustikgitarre 36 Zoll Mini Mahagoni mit Tasche (kanadische Marke)
,,,,,Taschengitarre Tragbarer Gitarrentrainer
,,,,,"Gitarren ÜBungshals, Gitarrentrainer, Tragbares Gitarren Akkord ÜBu2633"
,,,,,"Gitarren ÜBungshals, Gitarrentrainer, Tragbares Gitarren Akkord ÜBu4603"
,,,,,Taschengitarre Übungsgitarre Fingerübung Halsgitarre Mit Tasche Schwarz
,,,,,Taschengitarre Übungsgitarre Fingerübung Halsgitarre Kit Mit Tasche Tragbar
,,,,,"APC GT CW massiver Koa-Akazie Cutaway Guitarlele mit Pickup, Wandergitarre"
,,,,,Taschengitarre Übungsgitarre Fingerübung Halsgitarre Kit Schwarz Tragbar
,,,,,"Gitarren-Akkord-Kreis-Skala-Lernposter, Progressionen, Akustikgitarren-Akko1889"
,,,,,"Hilfe zum Gitarrenlernen, --Akkordpresse, Lerntool für Gitarre, Übungshilfe4500"
,,,,,"2X(Gitarre, Folk, Klassischer Akkordassistent, Ein-Tasten-Akkordgerät, Tast7365"
,,,,,"Gitarren ÜBungshals, Gitarrentrainer, Tragbares Gitarren Akkord ÜBu2724"
,,,,,Taschengitarre Übungsgitarre Fingerübung Halsgitarre Mit Tasche Schwarz Tragbar
,,,,,"Gitarren ÜBungshals, Gitarrentrainer, Tragbares Gitarren Akkord ÜBu9404"
,,,,,Reisegitarre Stahlsaiten Backpacker Akustikgitarre + Gigbag
,,,,,Gitarren Trainer Übungswerkzeug Gitarrenlernwerkzeuge Gitarrenpraxis -Tool
,,,,,"Koa Holz Top, Seite und Rückseite Akustikgitarre Mini 36 mit Tasche (kanadische Marke)"
,,,,,Akustikgitarre Mini 36 Zoll gealtertes Holz mit Tasche (kanadische Marke)
,,,,,Taschengitarre Übungsgitarre Fingerübung Halsgitarre Kit Mit Tasche Set
,,,,,"Gitarren ÜBungshals, Gitarrentrainer, Tragbares Gitarren Akkord ÜBu4386"
,,,,,"Gitarren ÜBungshals, Gitarrentrainer, Tragbares Gitarren Akkord ÜBu2959"
,,,,,Portable Mini 6 Bund Gitarre Praxis Hände Training Tool Chord Trainer NTS
,,,,,IBANEZ TRAVEL ELECTRO ACOUSTIC - RELIC
,,,,,Taschengitarre Übungsgitarre Fingerübung Kit Mit Tasche Schwarz Tragbar
,,,,,Taschengitarre Tragbarer Gitarrentrainer
,,,,,Taschengitarre Tragbarer Gitarrentrainer
,,,,,"Gitarren ÜBungshals, Gitarrentrainer, Tragbares Gitarren Akkord ÜBu2174"
,,,,,"Gitarre, Folk, Klassischer Akkordassistent, Ein-Tasten-Akkordgerät, Tastend1149"
,,,,,"Gitarren ÜBungshals, Gitarrentrainer, Tragbares Gitarren Akkord ÜBu1157"
,,,,,Tragbare Gitarre Fingerkraft Der Gitarren-Übungswerkzeug Im Taschenformat
,,,,,Taschengitarre Übungsgitarre Fingerübung Halsgitarre &1Stück Schraubenschlüssel
,,,,,Taschengitarre Übungsgitarre Halsgitarre Kit &1Stück Schraubenschlüssel
,,,,,"Gitarren ÜBungshals, Gitarrentrainer, Tragbares Gitarren Akkord ÜBu6868"
,,,,,"Gitarre, Folk, Klassischer Akkordassistent, Ein-Tasten-Akkordgerät, Tastend5350"
,,,,,Tragbare Gitarre Fingertrainer-Tool Gitarren-Übungswerkzeug Im Taschenformat
,,,,,"Gitarren ÜBungshals, Gitarrentrainer, Tragbares Gitarren Akkord ÜBu3038"
,,,,,"Gitarren ÜBungshals, Gitarrentrainer, Tragbares Gitarren Akkord ÜBu1645"
,,,,,(Sechste Klasse Bunte Saitentasche Gitarre)Pocket Gitarre Übung Tool 6 Bunte
,,,,,"Gitarren ÜBungshals, Gitarrentrainer, Tragbares Gitarren Akkord ÜBu6861"
,,,,,Portable Mini 6 Bund Gitarre Praxis Hände Training Tool Chord Trainer CUB
,,,,,Taschengitarre Tragbarer Gitarrentrainer
,,,,,Tragbare Gitarre Fingerkraft Der Gitarren-Fingerakkord-Umwandlungstrainer
,,,,,Gitarren-Akkord-Trainer Finger Strengthener Digital Display Gitarre Anfänger CH
,,,,,"Gitarren ÜBungshals, Gitarrentrainer, Tragbares Gitarren Akkord ÜBu1405"
,,,,,Akustikgitarre Mini 36 Zoll Flammenoptik Holz mit Tasche (kanadische Marke)
,,,,,Taschengitarre Tragbarer Gitarrentrainer
