id,title,price,condition,location,link
236148794635,Takamine Red Akustikgitarre 12 Saiten Palisander Griffbrett Fichte Hohlkörper,"CHF 226,80",Brandneu·Unbranded,(430),https://www.ebay.ch/itm/236148794635?itmmeta=01K7XW6RG88CAVDY95FNRX8Z4E&hash=item36fb90a50b:g:Ay4AAOSwPBNoS8Qf&itmprp=enc%3AAQAKAAAA4NHOg0D50eDiCdi%2FfP0r02sUl%2FHZd6JP%2BBLDDWWxGi6knfjl0Wdw5xyoYWR9vKF87662yFnHydrC98SMLMhhEwwtqZuQWBZPgU8%2FLompm8vOmNbAw7CfZRmgBumgX6uPwQWGVRB8%2BUpPLRHpQwjK3rqrGs6Uy97Vm%2FjbnrEWmjY3%2FKe02QF7ao4ts6BhIUhyC5Xc2y1i3Gmnfj6Xb2KmAtXBaAGtd5DQKC%2Fb%2FeCpDXjcwagO1Ws5UNSTlCVydYlBUF47ZFXDc%2BbXTHySuOeq2fxJilQ57x34mfJ6v6yKMHL8%7Ctkp%3ABFBMoIibvL9m
236345158701,Crocs Ghostbusters Classic Clog alle Größen Herren Unisex 211414-90H NEU mit Etikett,"CHF 90,43",Brandneu,(1996),https://www.ebay.ch/itm/236345158701?itmmeta=01K7XW6RG8B0331MMGAG2S4Z2X&hash=item370744ec2d:g:q0kAAeSwr3Bo0upl&itmprp=enc%3AAQAKAAAA4NHOg0D50eDiCdi%2FfP0r02ueQvqDEbV7csg7AgqwirYKGoAy%2FvzRLv9VnNgOXTc1WHbHFOqcpCKknQg9L7wqU1TVg3j9JH6PfIlQxPsYh6%2FeYtUgW6UJYPx6266n8W63lPCUx6098yDN8mJRXDxKyD%2B5nbU5JA7MVRgpVaa70mvmzuOzb%2FZbskgIQaQNI8VuYsOnY1AmHPcrfsWq6s4JhO6JuAiSNUdUY3nnewGGdU2zurG2KPJ2rcob3GA8Zz7TDmE9h%2FwWjOZfjBe7UD08hOl9%2FUndrFyFmAOF7aYN5YX1%7Ctkp%3ABFBMoIibvL9m
177299893236,OM42 Akustikgitarre E-Gitarre massive Fichtendecke Knochen Nuss Palisander Griffbrett,"CHF 292,73",Brandneu,(353),https://www.ebay.ch/itm/177299893236?itmmeta=01K7XW6RG87K9B2E8SX73QBN2M&hash=item2947e5abf4:g:6nwAAeSw1rhoiGbp&itmprp=enc%3AAQAKAAAA4NHOg0D50eDiCdi%2FfP0r02sqaf8yIvdnKJF9TJEREZDNypINZz53XMHUML5FBR4tz8wOhpSBKNOSwmcAMZXacJ7260x3EDTRcTmJR9np3lHCQ9OhCD3KuKsdQOnjsMqmdbk7ApHNTPpK%2BA0%2Brkf5behig0kt7JGPXBcAVjbfI6k7%2BRQiVv3DQXRmbqhHkPdh8YZYrWKf1LmS924gXBi0qict%2BVYDKWLNJJiH1Pw7VKm79IYkUIs289vv4osmLxw%2Fcg1U03OLWI93uaXP3aiiofz9sVMs3y6H4jeyqsS7jeg6%7Ctkp%3ABFBMoIibvL9m
406183387575,Matte Sunburst massive Fichte Akustikgitarre Ebenholz Griffbrett Mahagoni Korpus,"CHF 286,53",Brandneu,(39),https://www.ebay.ch/itm/406183387575?itmmeta=01K7XW6RG8RB2AVVTX3R753ZN1&hash=item5e926aa1b7:g:p6wAAeSwxUlot-er&itmprp=enc%3AAQAKAAAA4NHOg0D50eDiCdi%2FfP0r02sKBb49qVz4pTusIT9OkbCq1p%2FRsHRWsRR7ag60DifDn0dM0Ugsy7oBi3YxEZCIbAIYrKcOZaK3Gtwin58B%2BVgl8LFeDKAODI%2FTT3ZaRGocFlhW9cXIgeA35JhdRdS9Z8tFuoLB%2Fc2viyidJK2OneKgetKXL7gaTr8VW5SNHYP2%2Fh886fC7RHzWFS2um9UIRVKGCAvOb%2Fpdgdz9r%2BvmAKh%2BNhaSXwlCrka2Aby%2F8PXOScrSa0BX7npXntQ73NrZ11et71Tx4LNVPc3g%2BQfYuTcB%7Ctkp%3ABFBMoIibvL9m
373235456974,Anfänger Akustikgitarre Paket - Starterpaket Kit & Zubehör,"CHF 49,18bisCHF 53,14",Brandneu,(169946),https://www.ebay.ch/itm/373235456974?itmmeta=01K7XW6RG84N80S5GFZT45Q728&hash=item56e6911bce:g:tzcAAeSw6rloL04q&itmprp=enc%3AAQAKAAAA4NHOg0D50eDiCdi%2FfP0r02v4TkuPm8sDGGCZIweSH%2Ft1oCbSDzP%2F3ky%2F9z2eMmodlVgk9BQb9WkIGtHMKazz0yeJANE6xHO%2B4WC5jWehiwfevwULZZcfVOZNK5fpyfqE825TI7yeY6S74lKSpqy76CxscS6AHzvCwhXatk0Tvvk6NOsbF7MN20OMSz%2BfTakqkIdHCuPX%2B9KYWFzLiHqcUHpkr42Wg74Lt65FywQZ64jRsNNiVbESnR5XaszAcKDCamZ3V45NdhmTiwiTdk1nD%2FiRFPpkfzZgNJYcvl4aB1kT%7Ctkp%3ABk9SR6CIm7y_Zg&var=644121225832
388641723750,IBANEZ AEG8E - BK 27-01 - CHITARRA ACUSTICA ELETTRIFICATA,"CHF 78,59",Gebraucht·Ibanez,(37),https://www.ebay.ch/itm/388641723750?itmmeta=01K7XW6RG8BVRNHNQEGWXVWQQV&hash=item5a7cda1566:g:nIkAAeSwfb9oX6fb&itmprp=enc%3AAQAKAAAAwNHOg0D50eDiCdi%2FfP0r02soys8f5R9jOLttHReXrzrgYlbYfWPwv%2BzSnsTzjaFXSLmm0H3LZGUlcCbEn3%2B0wIm0nBNGQTzaE%2FlIoxQhChrY1EmNwjeODel2%2F4GES0wIy%2Bz15dzc4ByHP86Qh3Ei336AreYy5b3QTf1wEGcxCb7yRVYAkWQjoddKMvFCEgYPxtA0nNgqXe0uYjTuRXDxvPbh0P4i7NJFVJQYVZBoT3Ov8lxNSuWUiRKKA0hccnMuyA%3D%3D%7Ctkp%3ABk9SR6CIm7y_Zg
304483178724,30 Zoll Anfänger Akustikgitarrenpaket - Starterpaket Kit & Zubehör,"CHF 45,21",Brandneu,(169946),https://www.ebay.ch/itm/304483178724?itmmeta=01K7XW6RG816QPV8VHM95VAPTE&hash=item46e49c98e4:g:XegAAeSwDeVoL04U&itmprp=enc%3AAQAKAAAA4NHOg0D50eDiCdi%2FfP0r02sX%2BVoW%2BhpRpKu5oRBgkchKwJCq%2Fbfq7h6QsR4wJQyi4N3HgIoWLicwnR2gaC2DCHSidfNiWtsCk8yAPFsMar0%2FMNmfjv6C2V%2BxJYAVbjrNXzAqkZV1Y6H7QD2HRO4ubO71XfbIOoRXmFVC20ze5RUPaCV%2BTJbd0SsH9EGxZWv4e%2FjpboApjcHyqe7sQMli2peJdV0D3SZ8lIG4pVDN2yDrGgOvRFLTSkRm7N6rzBB24%2BTHaqfKm6f68NQkXFRMXXN2aFjh7P2TyFMQi7EVxN43%7Ctkp%3ABk9SR6CIm7y_Zg&var=603508064049
127431704457,Squier by Fender Acoustic 6-String Guitar 093-0300-021,"CHF 11,89",Gebraucht·Squier,(14768),https://www.ebay.ch/itm/127431704457?itmmeta=01K7XW6RG8GJ266N1F470AB476&hash=item1dab857f89:g:peEAAeSwoXRo7qm6&itmprp=enc%3AAQAKAAAA4NHOg0D50eDiCdi%2FfP0r02vG6l%2BAiZE0diN%2BFhqXIpp4DOMEEqPp85W2FGLtvpn9XFLkxrm%2FeYdQUFy7s0GT1wVFcO9nMKWv3RaWLmspDRVNFTIkFDtHHC%2Bvn3w1KrqKdhXgrb9zU1VuwYumokbOWMMYqUvpxs2q7V4bQTh%2FyOXHbkrS5Vu6NjK8c%2BbcAacUo6K%2B5r363yLOVorl7aHqjAHwcvWd4vkxnhVtSfDi1DpqGbLOKj4xcLwd59zc12mZoHjSvkm67u5OfVCFDN3KKqzGGqjR1yZjHOrS3lfwXLGo%7Ctkp%3ABk9SR6CIm7y_Zg
365931381468,Neues AngebotPortable  Guitar 6 Fret Model Wooden Practice 6 Strings Guitar Trainer Tool9224,"CHF 10,54",Brandneu·Unbranded,(230),https://www.ebay.ch/itm/365931381468?itmmeta=01K7XW6RG8C71KSBP0Z6N3K8KG&hash=item553335c2dc:g:K6sAAeSwhtpo9KXc&itmprp=enc%3AAQAKAAAA4NHOg0D50eDiCdi%2FfP0r02s18bYpyhxe9o2kJ%2Fk1jX9cVBFSRxOQZISFI88HoCdTH8DEqHVghmxC%2BwsnDozfWs7%2Be9JtqBO9Pr5XM2GaR0QzdSgztl8t1llBeKaGHzPJ9VxM8Tw4WnIy5ZPd5ZfzefsXEh73HIHZphRTQH9r7oWMT35lTvCpLe9mhNXF%2FtfP8%2BSYL1Yd4wcLfGp32%2BHV0%2B2AiVohPmrHAzPDUJHmFpTNxcVFIOdEblBRU0eHytK7eoINTpURPsXsmOBgwVpsufHblcdhhYtzJNt%2FuYMB%2BnYo%7Ctkp%3ABk9SR6CIm7y_Zg
116786309935,Gebrauchte Taylor 524ce Builders Edition Grand Auditorium - Kona Burst,"CHF 2.220,45",Gebraucht·Taylor,(109993),https://www.ebay.ch/itm/116786309935?itmmeta=01K7XW6RG85Z3FRN1WCEDCCN97&hash=item1b3101ab2f:g:zUEAAeSwRMJozHWz&itmprp=enc%3AAQAKAAAAwNHOg0D50eDiCdi%2FfP0r02syd8aiCGZFWR7qrH5%2Br042UmVwgGsFA0I758OJNvBrqNdna3i22gFjj3xUAukyA16cjoPVXoDgbOZlDt1m2HlX711hoJ5NO5lH0C%2BA9QWBOz5NGV%2B9k%2FYJKebr6ln1zAsDX4sa7RcjUvkFFBvxHosAmGJ3NXWai03g3U964a9dT%2BKK5GCpYYN4kJiqYrlPwGGDV9zH3yTC%2BF8E%2F3mZ%2FyrQxYN6CjORTdbz8CoxpnqigA%3D%3D%7Ctkp%3ABk9SR6CIm7y_Zg
177501567390,Neues AngebotAlte Gitarre Guitar Westerngitarre,"CHF 249,63",Gebraucht,(1041),https://www.ebay.ch/itm/177501567390?itmmeta=01K7XW6RG8N1456XCNPYX8Q53E&hash=item2953eaf99e:g:mNkAAeSwR05o88gQ&itmprp=enc%3AAQAKAAAA4NHOg0D50eDiCdi%2FfP0r02ugewGqdSSbi08hfAx09ItnSPjlhWu0zJ%2FLdPfhIKs%2Fiuuj3ju3ubgsij64oxmFHTwpXeIY%2FaxnGgJmFCQKUMxJopHSEq9S5P%2FwLdTK3DIFY04Dhw%2FzeAosehxCw16qtkMqctwU%2Flk8Rg6jad0YtACNFDRvVsNnoq%2FRGG2o8j53uFYB26TUyWdslGqWbwYhyILA59SbQiVHUzhVRIpLduEzYhK0AfKhHehZo%2BKGglmjlrdHu4z%2F%2BSyu9jkfMpgU8ALVGZKJyYyZ%2BWHmCnFLeFET%7Ctkp%3ABk9SR6KIm7y_Zg
197783295842,Neues AngebotLR Baggs M1A Aktives Magnetisches Schallloch für Akustikgitarre mit OVP.,"CHF 119,00",Gebraucht,(1456),https://www.ebay.ch/itm/197783295842?itmmeta=01K7XW6RG8CXN23W86GXQHW0AV&hash=item2e0ccd9762:g:GAAAAeSw6M9o85w5&itmprp=enc%3AAQAKAAAA4NHOg0D50eDiCdi%2FfP0r02udpiG5AK6C7C%2FrFsQtDGYFscltVjmaVRJtxBD3N6qR5RxvV%2BS9TcnuvkjIbwmBcGpgiI6QsrVrY1W8XEHNLvJn0hQ4TrCXf3vCZXGIKl9Pc17CXZtI%2FkYeqm%2B4tlcYANaK6L57%2F8B5pFdxgprNYws2Lka574MKab1waGVyGm5Mvyj5Dc7qVpxHMWsw%2BkX%2BefBgBoppCkw2EL%2FFAmZk1Cvt6g0o05dSqLRJT%2FgoN4u12szAAXXXB4Z%2Bny6SeGzuxslkpZA7QAfiQBULHRaO7hZE%7Ctkp%3ABk9SR6KIm7y_Zg
136468341391,Altes/ Neuheit/ Miniaturinstrument/ Schnapskoffer,"CHF 22,21",Gebraucht·Unbranded,(2412),https://www.ebay.ch/itm/136468341391?itmmeta=01K7XW6RG8F8X3213WA85DFBCH&hash=item1fc625a28f:g:i7oAAeSwtHRoyLbg&itmprp=enc%3AAQAKAAAAwNHOg0D50eDiCdi%2FfP0r02uB48sDO8cAx%2FXknVSZN2JPKTQNRaQMyTSurV1mwHgwlEQ7p8TjlwL1AW%2BiS%2ByH41TdYmPEzZkfUQwuTYcVmlXNvmpgUoY87iUceazJ3qRSBl%2B3n2oQCUYFznxIBtYpkOCDSN8%2B8JUCtd8q96Mi%2Bs6p6gibYryl22wVHjo%2B5rBBy%2BnKd3wCYBLhObY7TKY385MOOow1JfiAleWLlw52kmwlQ9Yejn%2F33kZUkzJ7hgFLEA%3D%3D%7Ctkp%3ABk9SR6KIm7y_Zg
326781582446,TOP Horace Bucolo Busato Gypsy Jazz Guitar Wappen Shield 40's-50's Manouche,"CHF 1.386,89",Gebraucht,(78),https://www.ebay.ch/itm/326781582446?itmmeta=01K7XW6RG86YHND44V4QA4SD76&hash=item4c15b33c6e:g:ML0AAeSww8Fozm7J&itmprp=enc%3AAQAKAAAA4NHOg0D50eDiCdi%2FfP0r02u7jQuOiLWkdaqrZd5NeP3sGpGFr%2BQFsmbe3k6QymtfxIVZRB4lOB%2FaeSwQkw0ZOWJskOqJoxZvfJ8sz%2BD9TVbZorYn%2FgMrcG3pMKKm3MD5PRy%2BHo%2BQW0QXgtIhy13GV149Cvwd9q5Gxxl409TqMRJ7MYVdAfQqzJm%2BrdRyPz0RNcpf4RHI%2FX1d4Tl5GxyWvpy5gIH3q3KOcGc8Q1ever5wfy%2FDwDbIyOEElaHNXeFPbBNiGZcIgCdcfnBCHYOS30eR108gq6IgEEiqD64dMZND%7Ctkp%3ABFBMooibvL9m
357769829632,1998 Tacoma Chief Akustikgitarre Made in USA,"CHF 396,64",Gebraucht·Tacoma,(3981),https://www.ebay.ch/itm/357769829632?itmmeta=01K7XW6RG92N3JVCKENC3Z9MWB&hash=item534cbe5d00:g:xp4AAeSwyHFozc7I&itmprp=enc%3AAQAKAAAA4NHOg0D50eDiCdi%2FfP0r02uaHG%2BmFS%2BMqBAxMcnn1gtsgDCTKqyHz3wkClrlW82ozpdFOnrIiAydwqNAqh%2FnDXj2YfGBct3pjI%2FGpS93Cnbg5OjR2UGEJHGhxxsYykX7ajE4rTGmjo%2BAgMOCRjz1oMpO56e1pkrl22t%2BMRd4vS8afHkwlUGxZF%2BXkMn3GFahwf9G2%2FHtSK5f1rYrtrgIrN2X7xM%2FUioHvaGKi2DJk3eoog%2Bx0bgUHgQ21xOjLmi8TI8TnTRYIWNJ23jqzxeXI3kEtjUj1vPdgDydqGipjzkv%7Ctkp%3ABk9SR6KIm7y_Zg
122566791904,Keelguard Megaware Bootsrumpfschutz Farbe Größe wählbar Länge 4-12 Fuß Kielschutz,"CHF 96,50bisCHF 215,29",Brandneu,(27230),https://www.ebay.ch/itm/122566791904?itmmeta=01K7XW6RG9MHNRDSC0Z2S06JKN&hash=item1c898cd2e0:g:qAAAAOSwi8VZUTgg&itmprp=enc%3AAQAKAAAAwNHOg0D50eDiCdi%2FfP0r02vy5DCah1KpVxGcCVpxPywfcfPLKAvaXmD7jWJ86gRc8Y450QuOM0yaDX0cgKFEImpJr8b3zD2v9aeHC1KS9LmGz25ailGswTy%2FoxlbRiv2%2FXFoBsCX%2FlvRshWG13AAMAzsrgv%2FT%2FniGlYAeR98ZwVYY%2BstLoaDbt1HDxPDHWbFGTywCyeiJKfkk7GefSzmQbggOMTIP8bnyOs8E44csLdkKJW6Xecaa6QhBGnHOI0zmQ%3D%3D%7Ctkp%3ABk9SR6KIm7y_Zg&var=422991459781
236322252808,Alvarez MD60 Herringbone Dreadnought Akustikgitarre - Natur,"CHF 514,85",Gebraucht·Alvarez,(5171),https://www.ebay.ch/itm/236322252808?itmmeta=01K7XW6RG98XYAYEWQA52Q2QPX&hash=item3705e76808:g:LDAAAeSwQ5lo2qtu&itmprp=enc%3AAQAKAAAAwNHOg0D50eDiCdi%2FfP0r02tvyeI64de%2FK2M%2FMGKQc5y5ZB%2BsKtE131cvex4X9plYasXUdIeZwLKHuxV5LYgtlgf7b60UBH9TFhi%2Fx7LrnSMLsoxn8DSicPoLsRnCMOplbzavWXvEuDBcqo8nWcAM1EDoQkgb0mHV%2FSorXZl3xM%2Fs%2B4GAcC5K5O4n9HutBWCVuyhWe6bjj%2FpweKjN9dXUPoGYJmGuxG%2FXsNtPLjn83HtOpbgqzpkhYWDWT52uZABp3w%3D%3D%7Ctkp%3ABk9SR6KIm7y_Zg
236328927352,Taylor 414 Akustikgitarre mit Tasche! -LL,"CHF 1.110,61",Gebraucht·Taylor,(2382),https://www.ebay.ch/itm/236328927352?itmmeta=01K7XW6RG9NBMXYA0T05SBEP2V&hash=item37064d4078:g:bcMAAeSw4-ZoyFtG&itmprp=enc%3AAQAKAAAA4NHOg0D50eDiCdi%2FfP0r02vORDkd%2BmS6yHJPm4qphlGVgSJBiq%2Fmg%2FtJdmWx1OYHZTsTwe9FvuKWmwCovzKRE74ZldWxmP%2Beb2Oq1yi2l67UP9Jle0i95YnIdankF%2FZoZCMk%2BJAHDo3FtuNadzk0Cqp2tWSVFkzCJgmSw4TMJxuVpAJAySh0l%2FEdmIH7sTWKr98i7bn0GQdUUt9gzk68oy0lRMa0eqyuHawLlivFADcO7z08jejcVuK5royMZOYbQy%2ByRv9DOXzgg%2BX%2BTkKRK1gwcfDU%2Fgo9BDQyvStrERy8%7Ctkp%3ABk9SR6KIm7y_Zg
167426075506,tracking num add Fee - 5155150404,"CHF 3,97",Brandneu·Unbranded,(611),https://www.ebay.ch/itm/167426075506?itmmeta=01K7XW6RG9STTK22XHH6WZP6AA&hash=item26fb5f2b72:g:t6AAAOSwwVdnOYyh&itmprp=enc%3AAQAKAAAA4NHOg0D50eDiCdi%2FfP0r02tPw15iaqtkSt6mwqJbKcf0YIlumTvkczGiukFPF7c16skXaM%2B3E%2BIkVfkrTLZ3lLHcyTEgg0KbjptXHRmEZMhFFd9vTv0OhiUzlV3ObXmxQ2LOcZDeaFMdWLZyglAOPU1VJeU1J%2BJfsj7aq6l0kwQ087oFip%2FOfnCwse67xx6kVIolCVNjrd07c6WSlYpkAQ7QBFQodHwpVnj2d725EELV7w4JpCVHsoh2n0nBxR428vjtEgdedkIA6XF%2BFZQZrn36wfLNQumVIeYztM%2FBwaRo%7Ctkp%3ABk9SR6KIm7y_Zg
133503800112,Honda 35-40-45-50 4Takt 1991-2011 Skeg Guard Protector Ersatz SkegGuard,"CHF 79,32",Brandneu,(27230),https://www.ebay.ch/itm/133503800112?itmmeta=01K7XW6RG9DCW0K9C0PXBFMX91&hash=item1f15725330:g:gpoAAOSwrGFZlcTK&itmprp=enc%3AAQAKAAAAwNHOg0D50eDiCdi%2FfP0r02uJRaL1OooN8%2BPEBc44KMSety90XGDlOx3kF6OlGrJy059ga%2BbkOZnZEv4AxtDCnbQgp8cRjJa9Yh%2FgHWjhCkMA3E%2BL0yu6v1OZXqpl0vP2fvj%2BRVuPq6GSrEazOcf%2BbJ49ZCWmTiqSFt7wjJ5tQLEjnDYGih4q%2FtrNIAFxtgoBa0zqH17uAG3sxtGy%2BgsXXazeboPJt1n9Vihv7qgZP5HeZWKSXdlFnUIhXUn237mU8w%3D%3D%7Ctkp%3ABk9SR6KIm7y_Zg
,Skeg Guard Protector Ersatz Mercury 150 - 175 PS Optimax & Pro XS 2001-2016,"CHF 79,32",Brandneu,,
277448350805,Taylor 214ce Koa DLX 2016 [2109196385],"CHF 1.356,54",Gebraucht·Taylor,(2546),https://www.ebay.ch/itm/277448350805?itmmeta=01K7XW6RG9WM5361EV9F1CHT5C&hash=item409935dc55:g:wHQAAeSwsPlo8ds0&itmprp=enc%3AAQAKAAAA4NHOg0D50eDiCdi%2FfP0r02tzOoxKRrXQYvRmZdbbeswNzAoxYAR0YjqWo1B%2BT2UqcN%2B9AxjMQVLQFwuN8UgbYwlcN%2FQ0oGACLW0r18%2Bqs2NnVM0Hpn69IApDbNScBk94DIQsXsw9ue5MjHLF0pM%2BwoGeOIsOrIJPl1i7JUal6nJmqiPFxk4eRvIhvQ1%2BZj16BY9GNXvLyFS61T96sejxZnEErFFkuJ89%2FD1Op6Y9N3L5NUsR6AiCSKMnxzdUo3OdRWCsPBNcWoCxZpuUW%2BEUVvnQzFAPYXdNR%2FTDodb5JoR0%7Ctkp%3ABk9SR6KIm7y_Zg
116797030986,Gibson Midtown Custom - 2014 - Vintage Sunburst mit OHSC,"CHF 1.582,63",Gebraucht·Gibson,(4426),https://www.ebay.ch/itm/116797030986?itmmeta=01K7XW6RG9MGWW5WQ18ZDB5V3H&hash=item1b31a5424a:g:0gEAAeSwPF1o1ccN&itmprp=enc%3AAQAKAAAAwNHOg0D50eDiCdi%2FfP0r02tvgip441cloZo%2FhkicNNUBIQMy9ylDGsXvTVIpXKHTiAtYL8bAGtER7yynAplSEt7Bwikf7FKbKiU5NE339e2j%2FoJmvo4AnhSK5mI70acslljc8hvcWc0QoY9r6YeBi3TGP88JFB9yOGd%2BxA6W3A8SBxECFKaBw1lOEBEJ98PMTVM%2BvBX6%2FGuUkoVI7Jgh1Y04jMW36R4ZDX1GHo5QXzZjFkZ66%2F3CCAADF0pbTz3sRg%3D%3D%7Ctkp%3ABk9SR6KIm7y_Zg
256746782227,Evermore Album Taylor Swift Akustikgitarre ❤️ NEU **VERSAND SO SCHNELL WIE MÖGLICH** TS Fan Merch,"CHF 475,97",Brandneu·Taylor,(824),https://www.ebay.ch/itm/256746782227?itmmeta=01K7XW6RG9CHQC35KC4XA1NY4N&hash=item3bc74cfe13:g:i6kAAOSwjnhnWTS2&itmprp=enc%3AAQAKAAAA4NHOg0D50eDiCdi%2FfP0r02u8APJEP3bZl%2B59b6LqtrsRlzvZC%2BXVMKCCpR11CYQcAl3dOLyN1dkem17cUSWp77fozR%2B6HMhNM7QVU7DOpskQGYND8B0552IWUK8R0NDN4XkM8EgxGOZUgjhQxn0nRZ34Vlxya50gU0JjFX9qwi4CESQXO%2B7TDXcD7EIW%2BZbSy8d4nCdxv4nsr4vAthxlnKT61lLh3YM8J84mk5SBQLfrAoBcwbm0EIN2pSzFM%2BwoIU6vDxLGnrpISOwI1E378eMh%2BmlxUgnkNMinstno8Unn%7Ctkp%3ABk9SR6SIm7y_Zg
306520242438,Furch LJ 10-CM Little Jane Reisegitarre mit LR Baggs Element Active Vintage,"CHF 1.475,54",Brandneu·Furch,(45085),https://www.ebay.ch/itm/306520242438?itmmeta=01K7XW6RG9SCAF70NQDEGJAG96&hash=item475e07b906:g:i70AAeSw0FFo2FCI&itmprp=enc%3AAQAKAAAA4NHOg0D50eDiCdi%2FfP0r02vJAQcWwiz8sM2Q5QP9oL6ZE7EVu%2FOmSeJA%2B31nsv7yEE0o56tN%2BDDpUp9BJAWsF71R0%2FvLoXpGJto1NQqrNtqCISwVo0lGk0jGrlvfk9R9VPTBBK1PJtoeopg17Vhk8TpLYGXX8lsO9tb8m3%2BZCVKmns7iJunzFNEy5i8okzfP6ouQv23zD2vkSoyv1sHHMHFzd%2F%2Bie2pnq1T0W%2FbzrqnjEZr%2BF3LT29rz44rDJ0P8kwHEJptBUG3ib2ttOksW5FfGkL%2FJTEm8Zx5v1K%2F%2B176W%7Ctkp%3ABk9SR6SIm7y_Zg
376622275055,Hokada 3165 Akustikgitarre & Koffer,"CHF 42,61",Gebraucht,(14176),https://www.ebay.ch/itm/376622275055?itmmeta=01K7XW6RG9DE4Z1P28FRS6QB0M&hash=item57b06fd9ef:g:w-QAAeSwPqNo7pkZ&itmprp=enc%3AAQAKAAAA4NHOg0D50eDiCdi%2FfP0r02vhH9vPZz8clK2%2FVQBEq470PcTeSf%2BN5iAfqhJBodiaGmW4sBldltwnyYFAvcp3MXMIu84rR3D4A0uikVldWJvxa8Ioi%2B2kRK%2BNaMnr4HYvKljYCL23v%2BI%2B%2FUOvzYh1WNuhinwwGm%2FlHsR%2BKNsSVIveN1gsbhKhcwmRnk2yHBmY9u4ykCHgRXQ48Q2qk6J1lIQ6GzNGCAfCqK0fH%2Bn1G6cn5CIgbxbyNmii21hQ7jbVY37kl3ObGGvWT2%2BVRzkKrdRa%2BjvUWXVwlFm2DoaDYIo9%7Ctkp%3ABk9SR6SIm7y_Zg
277448350747,Ovation 6768 Standard Elite [SN 472318],"CHF 828,21",Gebraucht·Ovation,(2546),https://www.ebay.ch/itm/277448350747?itmmeta=01K7XW6RG9TAV6HDNWN4JW0Q7W&hash=item409935dc1b:g:sTQAAeSwnUxo8dur&itmprp=enc%3AAQAKAAAAwNHOg0D50eDiCdi%2FfP0r02u3eIiNMjFzz3sj6knq9m%2BopUqn%2BQYueMKUGUG%2FLXTQlJF81JV5WEMGVrPGdA%2Fj%2FOnet46xv8J41vg1MxWi%2FBF4fRTvkxR7GWRRQG4Oi9QWpBFyem%2FHVQ6%2BXkp%2BkbTkfljVmhn1kybQ0HjhaeRwtwsOzn%2BJciOqpxZ%2FtjXFt3%2FNURCvV9VCxRM1BCbJtBAZ8v6ugkbvnXrSlgsOUXuwSgopOaeJfO%2BDov%2BADFwpRc9CTA%3D%3D%7Ctkp%3ABk9SR6SIm7y_Zg
286177377770,Taylor Swift Fearless (Taylor's Version) Akustikgitarre IN HAND!,"CHF 395,86",Brandneu·Taylor,(292),https://www.ebay.ch/itm/286177377770?itmmeta=01K7XW6RG9HK39Q0GBFKZV8ETV&hash=item42a1803dea:g:qH8AAOSwYndnQMpR&itmprp=enc%3AAQAKAAAAwNHOg0D50eDiCdi%2FfP0r02s3VGa4eCqC%2ByueKns3mZNzTpZt1Wlup%2F4LjchangnhdfeoBZPvXajQ9zl1p9enzKFdedEeDaSMFv6iqpfIALJdGSM2G83xjgOyVxIz1O83TpkjlREhtHWnEIpCzzjx4geb3Af0k1DB6tZTZZauFdEemj4cMfNRqEPuEPzxsSbSdYWrZBSikeOXeUj%2B67skfRP9QWHjUSdce4XuwoUYI6uVJ97w%2F6%2BLmAIkThhhth9MiQ%3D%3D%7Ctkp%3ABk9SR6SIm7y_Zg
135567689462,39 Zoll 00045 geschlitzter Kopf Akustikgitarre Palisander Griffbrett Abalone Inlay,"CHF 254,73",Brandneu·Unbranded,(72),https://www.ebay.ch/itm/135567689462?itmmeta=01K7XW6RG9ZQJ33NY7W22YSF06&hash=item1f9076c6f6:g:2iwAAOSwcDlnts7B&itmprp=enc%3AAQAKAAAA4NHOg0D50eDiCdi%2FfP0r02v9QYWZRTxHPfTrBeCkCOwesuom%2Fz8tX9Menhv6%2Bq%2FrXt4PvgFWswRs2NQA1OFmXPQGnKslscWMerZ1GF4ieJ7hx4QkXRXjZe0jox5FR9mx4HezqGCNzTvpnSZ2ODMCxtUdoDqE%2F2pedrvDCLC3EJDH9DzwDfSW5MTtAUtFk66il5Cvu8J4XocnPlu1i4Ic9r4GmHS%2BtIGtFa0Va8Gs5sgM216AVY7Se8iv7IXZLLTBI%2F7JWdAvh%2BMB6h53VxGny%2BZTHh7VKQoBY5tFXmc2Iw0x%7Ctkp%3ABFBMpIibvL9m
396985821859,Schwarze D35 Johnny Cash Akustikgitarre massive Fichtendecke Palisander Griffbrett,"CHF 218,16",Brandneu,(413),https://www.ebay.ch/itm/396985821859?itmmeta=01K7XW6RG9V3DR9G4ARZKYMEVC&hash=item5c6e32eaa3:g:YqkAAeSwB0BoqR6M&itmprp=enc%3AAQAKAAAA4NHOg0D50eDiCdi%2FfP0r02vN3B4pwXsxHQL2KHfbyCpse9MqwMTLHZVOJW%2Bm2LbquePs%2BQizOsqVSsoGK84QqHATaFkPIkylNlmw11l9g1gA4OLFcSt2NA5heXqjcr0HQrGeWNGk07SDQP7hfn8imw9pGd4v0bVJS0KxZCsosmutFRwBaVMf03NKN1XrgUJ9ZReLjiuTF10IUViPYTm94J%2By3%2Fv21%2BQ1vIKt1F4kZ%2FnIZpql20lf6P9EyFAtPHYmhkPRWx1biEFyfRdq3Ml8A3UUOPPP0FiNq1MALduJ%2Famo%7Ctkp%3ABFBMpIibvL9m
317366325778,J200 Natrual Akustikgitarre E-Gitarre Palisander Griffbrett 6 Saiten Fichte Korpus,"CHF 275,88",Brandneu·Unbranded,(2),https://www.ebay.ch/itm/317366325778?itmmeta=01K7XW6RG9C66568YV3M80GJ01&hash=item49e481d212:g:KLQAAeSw66xoitfP&itmprp=enc%3AAQAKAAAA4NHOg0D50eDiCdi%2FfP0r02tJVDFqDX0Du3IehpzTQ%2FrplLkMsQeWz%2FmrbsMBvkwFVUoP1SbWxqDQYtE9M1enxlHnVjlUNbBuZqRhPD29CpjVh%2FJrDhqDHw0h9BZJYPcAkIEQirE2wOuM52qJ9fcZWMdUvRkCTstU%2BJwacNL6VDvk2IAAaHCMqdfS70rwDYbke8BloyjoxZ59yk0T1Q12cXgSWPOU%2F%2BeUctn6wV9%2Beh%2Fh%2F%2BJFeKOkT%2BgnrdFe8xgrStzw7SAAvEBpcKctQU%2F5kLVZJmhqq263eVkY6ToelbdF%7Ctkp%3ABFBMpIibvL9m
267435614417,Vintage GLOBAL DOVE Akustikgitarre Modell 204 Fichtendecke,"CHF 95,20",Gebraucht,(385),https://www.ebay.ch/itm/267435614417?itmmeta=01K7XW6RG98A26AYVW7BS78970&hash=item3e4467a0d1:g:XM4AAeSwgfNo7KY9&itmprp=enc%3AAQAKAAAA4NHOg0D50eDiCdi%2FfP0r02ujhViAKEJmYtBZ--u2JtXKZ6FsFSVQucneMPhZsbhT3aF38XbvNHvc2HYqRvW3Mwvfo%2B52maXdk21dkb2Y7eNauY%2Fi6e3HKECGmL2aESjK7Ev1E4wJXd2yKzaEf4A1q2XW1kAJ6esBVqL%2BoOOSh1vxVBn9D%2Fv5e23CUzMGpZks75f4flxFhaJ4toL77t2DmKhnx6fh2HGMhIZ%2FT0DSoUddZG8BbELSotSv8IBStu%2BVrPijLRP4mpmsPm%2B4CcE5liF41OBoxiA6ORvz7dovjQr0%7Ctkp%3ABFBMpIibvL9m
157381311274,"National Triolian Vintage Single Cone Resonator von 1928 mit Koffer, erstes Jahr","CHF 6.346,39",Gebraucht·National,(3725),https://www.ebay.ch/itm/157381311274?itmmeta=01K7XW6RG9FV2JHX5Z8W4GHZMF&hash=item24a4a83b2a:g:oWMAAeSwYnFo7o64&itmprp=enc%3AAQAKAAAAwNHOg0D50eDiCdi%2FfP0r02uL5137dMPBszVhh%2F1EsacLyC1mIbZf5Da985HIAntSkioiLhdPPjvx4J1w87VqSf5SU8A1exntaN3nDmED5Bwt5m61rgVf6t849xoqxjzVggAXq0OlWKHWgLQpHtbP%2BbPld7XNAGkCICoyjuTg1DRSKC5tlZVFmp%2BYxWYB%2BIeflBkn%2F4Hailg7NuF44OfPZ1N4ZzpPsSISla56DiWGOHbGUTc2Nait%2BeOhervsPKxiEQ%3D%3D%7Ctkp%3ABk9SR6SIm7y_Zg
286882153652,Sheeran von Lowden Equals Edition [SN 7473],"CHF 1.578,67",Gebraucht·Lowden,(2546),https://www.ebay.ch/itm/286882153652?itmmeta=01K7XW6RG91YTBG01GTQTFXMMS&hash=item42cb8244b4:g:0TgAAeSwh7do8dtr&itmprp=enc%3AAQAKAAAAwNHOg0D50eDiCdi%2FfP0r02vI50H2X31Xkc2nkgKvK3nKkMFnOI%2FYDhoAHtWgTndstyl8vLdz8xq6rvoJzsudZSmdpCic1g%2FkNW05qV%2BgDV8bWLV36gkV6wOWSq14hyZ7A3mawjD%2BW8dKKvWCkZfCMdDqWFMoWQSzw2XNk9RHfTdbw5j8Kl3vih9u5139LFGoNMdbzcSpC7t2lIW23w1R%2FLffw1JLgy5ANnp8fr3dqEF1IAFeZIU8%2BACfdgbBoK2qGw%3D%3D%7Ctkp%3ABk9SR6SIm7y_Zg
389103552539,"Akustikgitarre Essentials Kit Saiten, Stimmgerät, Kapodaster, DVD... keine Plektren","CHF 15,86",Neu (Sonstige)·Unbranded,(2840),https://www.ebay.ch/itm/389103552539?itmmeta=01K7XW6RG9GP2VCBB1BZHACVJX&hash=item5a9861081b:g:D5QAAeSw23xo8R9w&itmprp=enc%3AAQAKAAAA4NHOg0D50eDiCdi%2FfP0r02s63qhRnOjCCzN3i6x4aWr%2B0FnnucKSrh4AulSnWSNWPdroXD86wuDZLs6wST5HXbr5YXtIlwa%2BEsmYZdr4RC7%2BS3HOF8dKMqi2PkQ4wFKSGSRU7AGq1Aj598T6Xy7Vwo7vP%2BeLJCNQ6VLrEeKz9%2F2MJWZ8CfcInlZUZthpGb8ogSyUWogM2pUTn2rATvRfRUMaZWsepm83YwE9RC1CCOZeSDp%2B01Uy8hQB%2F5F3TkABnqkE%2BKWkytBILFV1mjNbW0kTG4P2QfE1M%2BsQaCDZsdRL%7Ctkp%3ABk9SR6SIm7y_Zg
,Spielen lernen Kona Akustikgitarre Starter Pack für Dummies,"CHF 83,30",Gebraucht·Kona,,
267440896432,Neues AngebotHEADWAY HF-25 Akustikgitarre,"CHF 336,36",Gebraucht·Headway,(2193),https://www.ebay.ch/itm/267440896432?itmmeta=01K7XW6RG94PXYKA86ERE47S22&hash=item3e44b839b0:g:cO0AAeSw9FRo86Wd&itmprp=enc%3AAQAKAAAAwNHOg0D50eDiCdi%2FfP0r02thnlOX57n%2BN4CFlULZUivhDG%2B28VX8nrz2kdQ5zQIKXfJjiIXZHmOw0D%2Bm15FELBNW0MNsiLO8ZkLDM%2BBISsa%2FZ265MMmX9W4FxtQa%2FDf%2Bm8dMna1nXujU2kZ%2F3oycdLgazN%2Bubod6xLYnYs83e7ZyV56iPaKSbnxTHvch%2BA1pGYKfmtQ0T6ja%2BqQnoKwiOZQ4Y6ED4gMAJpCdbxq%2Fl3Poygl4t%2BuHS4XZG4vgd1%2FE1w%3D%3D%7Ctkp%3ABk9SR6aIm7y_Zg
277448351245,Taylor 710ce [SN 20060110123],"CHF 1.395,41",Gebraucht·Taylor,(2546),https://www.ebay.ch/itm/277448351245?itmmeta=01K7XW6RG9KTP6TZAPP9T17VS0&hash=item409935de0d:g:kMAAAeSwR4Fo8dt6&itmprp=enc%3AAQAKAAAAwNHOg0D50eDiCdi%2FfP0r02sdZzky3i7kixBJ680GceHmCMbDPe41Tv%2BZRfj0rdyURD8DXF4EeJkD0laRGTVdkOl9Rv1hh5gp9KH4d8QV2EHdjaC41SRWkiIi9ha9pwK733JS0CNnlQVL%2BvEEz0Yy2M5xRLSyW3jDzqQHPEmg1hWBDDDzi%2B%2BCztT55DnT5ZSxgiDs%2Fc%2BHvOoVTR3OGhNCPC5M6E%2FKAQLTA0qIopkIiyhUmTXn2Yn0pm6wYGGNpjdJnQ%3D%3D%7Ctkp%3ABk9SR6aIm7y_Zg
353857726733,"41 Zoll Anfänger Cutaway Akustikgitarrenpaket - Starterkit mit Tuner, Gigbag","CHF 75,36",Brandneu,(169946),https://www.ebay.ch/itm/353857726733?itmmeta=01K7XW6RG98DC5JTDWMMCTYXSV&hash=item526390690d:g:b0UAAeSw-bxoL1Od&itmprp=enc%3AAQAKAAAA4NHOg0D50eDiCdi%2FfP0r02vhiHvpcuTAy0UVdXRWjYkxFirC3U%2Fi1gqY2EMruP05juwRB%2BwzjNpOrQeN8LBEnUf9u06XjDmqb1eKdCL9egIptqlZ8vNPWb7V8nFLl4UUbH0uouX6JpJEzqRFyNUY10zqBYdWIpSYhwZD3w679YjBoVCn8nMBfS7SW6%2BpuWAUJD2HtbXdGG%2Fz5s0jKK3dwTGNrjQvE0ijLqxcmCmmgy%2F9oq%2FSp7nRrAuoDs0qW90r5OLgAUG2wmpTGpKOLWKB3kCdqpgcjdEnqcAD1pVQkz1e%7Ctkp%3ABFBMpoibvL9m&var=623232646365
357453112260,Doves in Flight Schlagbrett Akustikgitarre natürliche Fichte massive Decke Vogel-Inlay USA,"CHF 347,47",Brandneu·Unbranded,(12),https://www.ebay.ch/itm/357453112260?itmmeta=01K7XW6RG9Q1YBHWEM14W8NPG3&hash=item5339dda3c4:g:8FYAAeSwBKhonEBU&itmprp=enc%3AAQAKAAAA4NHOg0D50eDiCdi%2FfP0r02vL58aGVGASSRITdTVKzamlskvboWTaZmyt7WRxXd%2FV9ID5NXNZDaaGh15OclfQBxD7qN5VZh09WeCcedsZWbcCCGC53Fr07b8udxbuDguDs067OSHHtMpMoWatVENU5%2FXr9YAhWBb2%2BSiPjITHNmNJIFzFhz%2FZ%2FAWIjlxvXgLEl0KLF61%2BpXmDs9Vnw%2B9Uu2cnbxvOw1KXOo4sQEn%2F9inP0G9XaBZEQ3tjXeoolWBh6UNCastSbCkYIezkld3f%2B8HvySCHn1ritlUCyP%2Bib7xy%7Ctkp%3ABFBMpoibvL9m
267402046945,"2023 Gibson Dove Original - Vintage Cherry Sunburst, LR Baggs VTC, OHSC","CHF 2.775,76",Gebraucht·Gibson,(3196),https://www.ebay.ch/itm/267402046945?itmmeta=01K7XW6RG94GFR0QMB9M1M0192&hash=item3e42676de1:g:RmUAAeSwJoJoxcm~&itmprp=enc%3AAQAKAAAA4NHOg0D50eDiCdi%2FfP0r02vBgXN7HrOHEegyZnAOjbOqD4YofWXunpkzJO5CwKxG%2Bu5Q82KI3z0DpWjazUbXeuMO1U7dSzdokln4fRYwuIrNvMBCQkd0XWohREBEMhoPMqYaSd%2BBU687mQI9DC3ojraa%2Bxf3aY0oxpsWlpdIWnioX%2FIzzeFb7RhVMEC%2F8GvlT4TmGkTKJV8LQLmrA6EEZi9a76m1ontTUgCGxWp7RP0X1Bwif3ror%2BJKhukEwx9SBEWbLqw35eBrr8uEZsMJPhD7jeJq8PPKgFwEnMkU6teH%7Ctkp%3ABk9SR6aIm7y_Zg
277448350939,Gibson MK-53 Made in 1976 [SN 21164],"CHF 1.617,54",Gebraucht·Gibson,(2546),https://www.ebay.ch/itm/277448350939?itmmeta=01K7XW6RG999Z9X99K7F6F6337&hash=item409935dcdb:g:y~IAAeSwKCNo8dut&itmprp=enc%3AAQAKAAAAwNHOg0D50eDiCdi%2FfP0r02uacyDXCSQILwGSZYxhp%2Fg9gdjxK%2BSluZVE%2BONTrZJiB13t%2Blad2A4nuDIOBYaj%2F3ySR4UmijxgS8W%2F0ghl7ilPaUiJxJTGQt1NoxOsD%2BLE%2BXI5glz9chACUuPHnGWnTUBbejdQvlHfeOvbfLnWPancSYr9K7xNw8p7PhS4t%2FqanPfUR5jeoumyLwLgWjO2Ab2p3HTLhwV5dDTqyjDdiCkM0bFHYf5mK2gaoCDJY1KzcA%3D%3D%7Ctkp%3ABk9SR6aIm7y_Zg
235936408346,Harmony Silvertone Akustikgitarre mit HSC! -LL,"CHF 237,99",Gebraucht·Harmony,(2382),https://www.ebay.ch/itm/235936408346?itmmeta=01K7XW6RGA77VW1A7SZA7CRKM8&hash=item36eee7e31a:g:R0UAAOSwzkBnm8e7&itmprp=enc%3AAQAKAAAA4NHOg0D50eDiCdi%2FfP0r02s7xmkwZ2c8ve%2B3e%2BJMP1%2B79%2Fmz0fbJLMwxRoaZvltOM3OJmfUmRkzjdCFGHacIXTBGVYkGEnWrURL8ksSPJui%2BQ6oxHHkt6O0c16nvdfv5uRivKwQYlZd5fHzPE6GiVy7MY8qAEnkL3CZkCCXBKMm6Pa1ZyYIFEiIWQUSrv8nZdRqHF%2F8tTmh48zSjsOhtVjvm1CnJWgoA2iTKcqSqpoiif2oHp4QFLIkquaB0NYKpqjPvPPrxU%2BDHX8SvRuGmvLvtYJA0X%2B56YYKymqP9Gm6%2B%7Ctkp%3ABk9SR6aIm7y_Zg
197783401171,Neues AngebotUltimate XL29B Axcel Gitarrenständer. 90er Jahre - Auslaufmodell.  Made in USA.,"CHF 46,80",Gebraucht·Ultimate Support,(1456),https://www.ebay.ch/itm/197783401171?itmmeta=01K7XW6RGATP5ZDF04GWNTT4E9&hash=item2e0ccf32d3:g:ce4AAeSwDI1o86dE&itmprp=enc%3AAQAKAAAA4NHOg0D50eDiCdi%2FfP0r02si42e%2BN%2BQrzebzzNe2tUgBucW6XFmBjCUx04RK5L22TwsVqxdqaUD5KkrsCV1hhq3EM4mkqNAsyCXUAOhVJWFUDuCjz3Dyt1UxTsb9bQD%2Ft3xKZk2O7BUcVadHMoZAdTnXQaJURaRKcPGVDMPjoZe3LgihhSDb%2F5MKNauhDK0T%2BhOt1tmbNiczFO6pt9f94Z3SBmIG29YrbRuDawju7vExylvccmLBxG1bkbJYX36SBwVfoPG18%2Fd%2FZHT8Jidz6uAUNt4ITUsmxU75jbV0o5W5%7Ctkp%3ABk9SR6aIm7y_Zg
286882153126,Gibson L-00 Standard Vintage Sunburst 2017 [11317024],"CHF 2.256,15",Gebraucht·Gibson,(2546),https://www.ebay.ch/itm/286882153126?itmmeta=01K7XW6RGAG9JEF38FDM89VR25&hash=item42cb8242a6:g:fZUAAeSwKCho8duh&itmprp=enc%3AAQAKAAAA4NHOg0D50eDiCdi%2FfP0r02uwPDSkMAHicDQS0u6Q6bvu9VyQoO2DeFykNlBCAxCZele0xIMH7Mw%2Fm%2FcvLG5OpPowTdumrChO9O%2BWFeyCUcLmsLpj37da7FQnID2IB8QA4aOQdKYaE5NlEK4m5X%2FTCuTbTNdxAhGAZaA%2FVQKF9mP07mpqXy0Q3xGBbnzSfAG6VdbKPcrf4y7UavRRfyojBL3vm1VGxV2f1GW%2FVumvy8FEtU45uN8xp%2Fjuo76nq%2B5aOp86eTovuURAFzHLqGq0hBT9D5CDD%2FjDlxvdyLlJiaRJ%7Ctkp%3ABk9SR6aIm7y_Zg
277451450410,Neues AngebotTakamine GC3-NAT G-Serie Klassik Korpus Akustikgitarre Natur mit Kyser Klemme,"CHF 285,58",Gebraucht·Takamine,(2409),https://www.ebay.ch/itm/277451450410?itmmeta=01K7XW6RGAC4GXB9J41D70J4SW&hash=item409965282a:g:cZsAAeSwUBVo89ik&itmprp=enc%3AAQAKAAAA4NHOg0D50eDiCdi%2FfP0r02vdC%2FQgsF%2Bh1zPsW8qyktWWVn0x%2F4bYsS00XJfxkeoZhDkhBQbmhi7WVPOCVa%2Ful0vcbk89ecYV5lptMcJ%2FvW4m9V%2B%2BU4Ey%2Bi5uhsIMwk5N38mYARce0rQdBx9IxazrOU8ZjNBIWHtGTCISfAIh450k9HDzEJtkFwGg7ZEKPANCfta%2B%2B9646Tp0waGvgnRcgIXPEOo2pWvCz4S3%2FFHy3TyOT2I8Jl02Apkdo70eSRnVfB6soWmq%2BTLtABPElLZ2bkzw%2BnjdYTctRWnLQVDuCloL%7Ctkp%3ABk9SR6aIm7y_Zg
277448351481,ZUNFT D-35 [SN 174813],"CHF 1.395,41",Gebraucht·Guild,(2546),https://www.ebay.ch/itm/277448351481?itmmeta=01K7XW6RGA7PM9KY3SHP5SY91K&hash=item409935def9:g:lSQAAeSwCEdo8du2&itmprp=enc%3AAQAKAAAAwNHOg0D50eDiCdi%2FfP0r02tlmqdrH1eUbWyNrd7GdGYtwASaBxQGAP%2BMMOntJp7tGvWu6rJA02ReTTi1Gn2jH350gKaOD%2BmTeJOJmSJE4a7yJ%2BTwroctqNdQNwYg8Eds%2FixbCt7gYll2UwEnNGtNsKKxmT5tZHjLhVFBQVRlXncER3sMHl2slZUPcTMwRIc9f%2FgyQeCOMXH49gMGVqtkrRKrkwqi2pZ98j0%2Bac4sHcWJcTCuDI9EVg%2FJoW8kYESPjw%3D%3D%7Ctkp%3ABk9SR6aIm7y_Zg
286875124445,Martin D-41 Standard Natural [2534109],"CHF 3.114,50",Gebraucht·Martin,(2546),https://www.ebay.ch/itm/286875124445?itmmeta=01K7XW6RGAG3JSKRX94PWZ31J6&hash=item42cb1702dd:g:ygEAAeSwSulo7Lmu&itmprp=enc%3AAQAKAAAA4NHOg0D50eDiCdi%2FfP0r02s%2FgEY9a%2Fl4wNLkGAAjDSTvsODFz%2F4Nj82YJsWwMc78t%2BspUtere%2F0jZF8uNGWQZXByN8xGZESGpBIXULxpxszFnfdhzjqzwgZHdWVkg6I%2BZ7EKjtnSvCQ6xAlSKTAH%2B%2FPj669ZarbTWvuIEJh2a%2F4pn%2BwKUsV%2BySubagR9PUsuCMyNzB%2Br8U%2F%2BokqNqrpzycDQlWCaN7QRyb2guhGf3rutd2biujixmjIirGMCigMgD%2Bj5hqOmJ8%2F2WP9nE982B6lCFT2c9icmZJFdtBKz7MQs%7Ctkp%3ABk9SR6aIm7y_Zg
267440924517,Neues AngebotMartin 000 Jr-10 609mm Scale,"CHF 793,30",Gebraucht·Martin,(2193),https://www.ebay.ch/itm/267440924517?itmmeta=01K7XW6RGAXWZBEMX5A04NK34P&hash=item3e44b8a765:g:gvEAAeSw8plo86s7&itmprp=enc%3AAQAKAAAA4NHOg0D50eDiCdi%2FfP0r02vrniBbSjqtkZtKSYnAVZT5e6fOfejI1pW6cjEvOX6Mv8nERodV2hk1i6zK0Pih42h1wlDmiD78Vv8qPxWmTf6bnBdBj7COm08OSGYEOEJWwMhAU36nRy66Ta5dbnj3SWtXlm9mm6MHteGLW%2BxLQwDDqZRjN0VY1ZCjOYQi%2BPxaXGoXOmlYb8O%2FNM%2B02Ma6gYp%2BHTcHhuY0DxPaGHd6jyKEFuh1XYCoZEM1ENOqrtoBZh8yXwYvU%2BEbvWVY3PBsj58Gt0n4If0wSjGv4z3E5QX9%7Ctkp%3ABk9SR6iIm7y_Zg
277448546752,Furch Gitarre Furch Gitarre G23-CRCT [48010],"CHF 1.578,67",Gebraucht·Furch,(2546),https://www.ebay.ch/itm/277448546752?itmmeta=01K7XW6RGA8T6RTVC4NX3H2NSS&hash=item409938d9c0:g:tyIAAeSwkIFo8gB6&itmprp=enc%3AAQAKAAAAwNHOg0D50eDiCdi%2FfP0r02vkJpvZpxOUHKnjDO9DRj1Zs0zFQL9VJp1c33%2BFdJdJalQuclWihjQrlNitLjssgGG6IUKLrJBYFwvFH6C3RK7UQy7M7xTnkWNup4bO115SFBoetWzLA30fJ%2FUCyNmrBhNO8T1DXop6%2BbbxHOcJB%2BVohwhYavZyFXxzvuSlVn21oCpXjnILStJhJvncx4mfgMb5mLfDSM2Mt1oBHW8RGrQJVdE1p1yJyqKqKCjWpPEW2A%3D%3D%7Ctkp%3ABk9SR6iIm7y_Zg
336237906388,"HARMONY Modell H0401P Akustikgitarre mit Anfängeranleitung in Box - 36""","CHF 134,07",Gebraucht·Harmony,(13768),https://www.ebay.ch/itm/336237906388?itmmeta=01K7XW6RGAPVSVS220PAZHVY3D&hash=item4e495749d4:g:xVYAAOSwD75oOcQF&itmprp=enc%3AAQAKAAAA4NHOg0D50eDiCdi%2FfP0r02u9CN6mvIjd3uujXBn9yQjHPGP9KbflBe5hU8ERWsKR1xIeIPnXS374hgavcfLsZZJhVLupKeuVVUITNvTpXotUf%2BSFOkmAu%2BFvFUYJfw2IKltNm6MIERGVyQa7FZNpzjXB91ysejpPBEWVRNG%2FQsV1UuJWfjCFVX8%2B87hmPdX2pBClGiLZK8qh4eb0VAKLnGgLjrYBP%2FzTXkdhgUW3Yle3o4VL%2BPuBlqB%2BTJmPAzrKd2ekKW4sxe9XDzMFsL3jxVyr7%2BcauKdQzQO9y04NWO9a%7Ctkp%3ABk9SR6iIm7y_Zg
267424710463,Martin D-16GT Management Nummer 4894,"CHF 1.237,55",Gebraucht·Martin,(2193),https://www.ebay.ch/itm/267424710463?itmmeta=01K7XW6RGAXMXR3WM9B8AAV2XH&hash=item3e43c13f3f:g:rHUAAeSwdXFo38M2&itmprp=enc%3AAQAKAAAAwNHOg0D50eDiCdi%2FfP0r02tt698GulSrKa1BACjQRUf6P0pCjCrn4vwbDM1Maalyl7W2ClLctwcvtuGfm2rcKqjevLb%2FyxqpD0yd5BVJXT0rUUtzgwM3%2BQXOMdRl%2F4KRyyjInGXKOdaHCQA0nCD%2B68PO0xKVBbcAxVCX1b0bxMYTHRy3y6662pjn2KNuY8nNx9K2eCwMvBN6I3rQQc%2BK7DnKkbWOSbNdFm3Go9prL6a%2FxZxncwFiXC9It3kNdwYR%2FQ%3D%3D%7Ctkp%3ABk9SR6iIm7y_Zg
187663871557,Neues AngebotSuzuki Three S W-250M Vintage Japan 1980er Dreadnought Akustikgitarre mit HSC,"CHF 367,30",Gebraucht·Suzuki,(898),https://www.ebay.ch/itm/187663871557?itmmeta=01K7XW6RGAFXRDH732AGFW2XGK&hash=item2bb1a36e45:g:UDEAAeSwLD9o9JKu&itmprp=enc%3AAQAKAAAA4NHOg0D50eDiCdi%2FfP0r02tq9wBBLJ%2BCpfy8tzRtxwXm%2FMY8XvVBoUCRfTJn1a06NKvvH9l3kyDfQUdbbkdPRJ5iHnFZM3%2BicPoCpx8%2B5QPSWqFqQLBRiNlaRwVK0rQKQDrExfTn56C0MHNQaFiF26XG5pKuXj8MvbBE%2B3eEi7bGZVnipla0%2FI4tZQ0ibYXoRnbiB0jrQdgnCBfpvWl4%2BB6hMsTFZKv6CHSR8c1230qQQGPLnn1Wl5dkLQUxBpopuUKDT01mUfyoOeA%2BTTukghc%2BKFQAQAcjTWvltD9JFq8Y%7Ctkp%3ABk9SR6iIm7y_Zg
267440910686,"Neues AngebotMartin GPC-16E Palisander Gitarre mit Fishman Matrix VT Verbesserung, teilbar","CHF 1.976,90",Gebraucht·Fishman,(2193),https://www.ebay.ch/itm/267440910686?itmmeta=01K7XW6RGA47P3SJEYXKP755MR&hash=item3e44b8715e:g:oNwAAeSwBZFo86mX&itmprp=enc%3AAQAKAAAAwNHOg0D50eDiCdi%2FfP0r02uoQ3rEDqRi7%2BDFjSvUvIdtWZ7EGpU6Mly4pLImgYso2TFhPG5SnvGDy4i6OscjNR9sXW6NtzAShGP7S0%2FylKV14iT1GQMc6sWQHb6MRzA8173e0t8o0Ir2aItTzvDsNpjTRlGOGkaK0DQs%2FyT1MOwtuE%2FOI1gYgoiaNppzE6Amq5nixBXIueidtzkQUFYPSRuGz%2FPbOhf0VSCqonV8gv2M82VMDD8oLRWnSnXMJHc9%2BA%3D%3D%7Ctkp%3ABk9SR6iIm7y_Zg
277448351058,Yamaha LL36 ARE Natural [H00004A],"CHF 2.249,80",Gebraucht·Yamaha,(2546),https://www.ebay.ch/itm/277448351058?itmmeta=01K7XW6RGACAV9DSZWVD4FRFKN&hash=item409935dd52:g:GHEAAeSwkZ1o8dtz&itmprp=enc%3AAQAKAAAAwNHOg0D50eDiCdi%2FfP0r02sCs6I%2FkG5ZQy2HtFAEX67qMOwD8p3PG4o%2BQq5HEoIU5Uxpa%2Fe9KARnvy54KsEiccPujJy3w7Z%2FGE2wlUQ4HJY32uXpiWLWhvCntoOleuVDvCER6yWtWGQ7cR4yC14SNQaQ%2FPit0R6yQYbG6hk0PpRm%2BvT4Rvrur3FAjtaQL8XQ%2B9EW05ffMBCEPK2WQsWlNeF1E3KqAbR0%2BLh1zA1trk621mbyQaQ%2Bs837eEkQsBezHA%3D%3D%7Ctkp%3ABk9SR6iIm7y_Zg
286882153051,Gibson Gibson J-45 Standard Vintage Sunburst [21663126],"CHF 2.386,25",Gebraucht·Gibson,(2546),https://www.ebay.ch/itm/286882153051?itmmeta=01K7XW6RGAP0VYB5NXWT60R2CC&hash=item42cb82425b:g:q~QAAeSwcbdo8duf&itmprp=enc%3AAQAKAAAAwNHOg0D50eDiCdi%2FfP0r02s7MIAKzjEy7wrhWPQXB6MhUkRGSUZOjWugDcGmhzu0JwdubDyLONnUx3PsmG1o7PuedSod7WHRrq%2FwciebWlJ7rJ6KtCrL2YXpAM0aaHRE%2FpXmn2J%2FRB4bdU58VoVYdqOC4FHLUEPjDIDImHZLkE8ah2sABrgdxCNO39XunnKQrErkNEX%2BG1YzAJBRaXPN8ZDLFT7Y%2Bj7THJeRRgjbgoBDm4Fjj9UkaVyUYJaBW%2FD6uw%3D%3D%7Ctkp%3ABk9SR6iIm7y_Zg
267440599249,Headway HG-MATE,"CHF 420,45",Gebraucht·Headway,(2193),https://www.ebay.ch/itm/267440599249?itmmeta=01K7XW6RGAABRBQ4DMPDAV6SH6&hash=item3e44b3b0d1:g:YRAAAeSwfrlo81Xw&itmprp=enc%3AAQAKAAAA4NHOg0D50eDiCdi%2FfP0r02sYB2RdoBkKx5jDnpiQHhNlWGKbtD%2F7uaIzUJL%2BY3AlAvTm0KGRW1rTYCTHJLLonrjiiw92RhxWjpxUBjQvvAVvgF7eSF72I6tT3gwHpzYwnSOen8CR%2FEnxCFYN2rqUtgh5eXAsR5tPKI4f10toBAIMsDoVvTVtqb%2BHI8I4jkEEJgvD1mSwH%2F0NHWb9aGSlkj3oAE4Fcuodf79Pl%2BLQEPnPsV8yTynEYPIeTPQh%2BBZBfwZiPn8t7Ewj7yEGI3cN0CbbcTEg4qqTHk2ty5vRUegp%7Ctkp%3ABk9SR6iIm7y_Zg
,Recording King RO-318 Mahagoni 000 Akustikgitarre mit Deluxe Adirondack Top,"CHF 396,61",Brandneu·Recording King,,
357453051804,Neu Kolibri Kirsche Sunburst massive Fichtendecke Akustikgitarre Knochen Nuss in USA,"CHF 285,63",Brandneu·Unbranded,(12),https://www.ebay.ch/itm/357453051804?itmmeta=01K7XW6RGAGVJK5139GBWF4DYA&hash=item5339dcb79c:g:-LoAAeSwEktonD6O&itmprp=enc%3AAQAKAAAA4NHOg0D50eDiCdi%2FfP0r02vFpv6mmywco4HJIUWZLweuxzfypWRW5tqe6mQp14KwtkCpETAyKvxGm5jOPNF7ZzlrDZ5NufvAWF%2BRGeDfsGrftti1YD%2FV6rIuZBNDoSH35P0ZwpZsEDm0Z906GTiub2EBRRguVLok6fzt5xjJP6tCXun1wWd%2Fe0mOUcpCYiU%2F9bGZd2lecyX%2BLWKMhhPa%2Fx2MF%2FzGpgChD7emL8uXHvQjTXyqarzD6hZFaVYDFJX9Q%2F1aS7T30JV0u6ze9svJ5qVRbQmbrfaVzjWeqs2KEyVd%7Ctkp%3ABFBMqIibvL9m
187166538801,30′′ Holz Gitarre mit Koffer und Zubehör für Kinder/Mädchen/Jungen/Anfänger lila,"CHF 62,42",Brandneu,(3301),https://www.ebay.ch/itm/187166538801?itmmeta=01K7XW6RGA0VMKAH1MEB98K8AQ&hash=item2b93febc31:g:L~8AAOSwtf1oCNrK&itmprp=enc%3AAQAKAAAA4NHOg0D50eDiCdi%2FfP0r02vCMXDiVtiUkLSMusKOkIA%2FWx6CXt9dvZuohlknzUP3J6ChT3uQ4qSZFa5pN5X%2FHXtuUyxUQHKkAiO4FHSRf07jl1DBjN9OKOzcO6P5KT0tLz4L3rEcXJ%2FI21tNPuXbApK4%2B2xsmgHHRlB90b0hUJRqtQS5Nu0qz1sbso9uqd%2FPjnzUnTNLWU6OEYPBQahH%2FtdC2bIZlcso2xTUCiX5h4WWagm5kM8XH14fVtMtebUEF02ZF5JgTjbFidiwSW5H7b5HW2g%2BhRAyjbkrFrd7l%2F6w%7Ctkp%3ABFBMqIibvL9m
