id,title,price,condition,link
297332044533,Reise-Akustikgitarre 36 Zoll Mini Ebenholz Holz mit Tasche (kanadische Marke),"CHF 159,61 bis CHF 191,78",Brandneu,https://www.ebay.ch/itm/297332044533?itmmeta=01K7HVNYGNXXT50P7JMQ363THH&hash=item453a5ef2f5:g:C5wAAOSwg31oLwYE&itmprp=enc%3AAQAKAAAA4MHg7L1Zz0LA5DYYmRTS30khF%2FbcoERwMi1jp%2Bh0qyQ6RSMC1CjvMbsg5oxv%2B1auLMJNvSo7oCwimmOQf5k3y0V7VhE6hpG3SG%2BUPskuzLD3hOzQbF3X1GraPELmyu40NpBBDKNS0F1C%2FZZ3kn5XKpR%2Fp%2BO%2FJE7JhnHmsm2xW4NOM9dXs99T2hfDQwHQMxeOBgklME4vNnZGmy8Une5bADuGq%2BKxOwKVJNKm5%2BisCTakul0l5LorZyEPYOyUSexf9OVFAKYXZQwol--2G2EWnlYktIIPXsILKSktZp%2F4ExIQ%7Ctkp%3ABFBMtOjXu7xm&var=594862463259
357555379583,Electric Acoustic Guitar Ultra Short Silent Travel Portable & Gig Bag F65-NA,"CHF 209,06",Brandneu,https://www.ebay.ch/itm/357555379583?itmmeta=01K7HVNYGN866HX5PJ9QTFB6PM&hash=item533ff61d7f:g:bA4AAeSwLBhotmOg&itmprp=enc%3AAQAKAAAA4MHg7L1Zz0LA5DYYmRTS30m3fnLeytTgJwz8bjp4z9HgXqrwhSyDRsDWQeXL9lbycr06WPkaeNjZ8WT66o9ruvMj0GyoRkr2kMp4r%2F2QODfLYVwIc3YJ5szPowUy%2BAeLFG0Xpv8qy1AbtsSPjOa6aTBFjCqo2NVDdJN4BHoQQ7SybomHBBwZLBWwLxWEFAJyft0W4%2B09vJdTVRclXrJWQjWhmr3KPS2Zo8jKwKJpSsuJFHWy5CLDFLU0g08%2B1L5ROGoze7mqdPJGc9QHPTe%2BJgaYbJDwnS9Ny3kRLFRp5ZHJ%7Ctkp%3ABFBMtOjXu7xm
365838659272,Full scale length Electric Guitar Headless Silent Travel Portable E75-BK,"CHF 209,06",Brandneu,https://www.ebay.ch/itm/365838659272?itmmeta=01K7HVNYGNB9WMWKNVRTN6DHAJ&hash=item552daeeec8:g:NBsAAeSwZDJotkw1&itmprp=enc%3AAQAKAAAA4MHg7L1Zz0LA5DYYmRTS30muH4i%2BTuZuKG3unt7HEo62YOF3tyoamsYB9TwZ4C1y7%2BPr9IIaltQ2E%2BraAnbcD5%2FepOqKin2H8n1O4hVeI%2F%2B2KnT6uXNMoenDxzWjeEo2%2FjoZ6MU%2BrpESy0kZMzLYK3B%2Fs%2BZcYa6KdK0lyhFAQp0CenyB18z58pQIsuBHEcHwd09ulbQ8t9G4EAy3%2FCUBXjINAi6n4nUi4spe%2F6hvTmuiwdH6ptnz0kP0GEIeSRWCe7xOMlpH8hci9GSDxK1W7wdxbO7yfyYn2xqPRS8PGJ8G%7Ctkp%3ABFBMtOjXu7xm
357555305659,Electric Silent Travel Guitar Ultra Short Scale Length US WH & Gig Bag E65-NA,"CHF 209,06",Brandneu,https://www.ebay.ch/itm/357555305659?itmmeta=01K7HVNYGN2S493E4B9E464V0K&hash=item533ff4fcbb:g:ihsAAeSwyBxotmD6&itmprp=enc%3AAQAKAAAA4MHg7L1Zz0LA5DYYmRTS30lFLDWVN57xw34AljtZ6cdBQG%2BYdAHhkaU7zkC4Nsn1rmvl6Ods4p3%2F84E9tyjYVIYD0jeGHMaKXr%2FSEdWSndg0WpQsnjkHZVAS4U3CJ9bF55S8g0yBbjNo8KKL47LJXbZSqLMrqjg5X9oLy0DobuVvq%2FgEdgk4zpLnCAC0yhdmHEprUGtmwYXvegc9LuNWZIdNukZNp6b2TsHZkzZyH6jhttoxy4dvjDIudTjuNgHmbXbuU88x7s4cDT9iZn3KifpxKqQsTzW%2FxLR0yh3knTg1%7Ctkp%3ABFBMtOjXu7xm
316698110888,Donner HUSH I Akustik E-Gitarre mit Gigbag KopfhÃ¶rer Mahagoniholz,"CHF 118,19",Zertifiziert - Refurbished Â· Donner,https://www.ebay.ch/itm/316698110888?itmmeta=01K7HVNYGNVM8CF4P45QNGRB9G&hash=item49bcadaba8:g:3V8AAOSw0ONoRTUX&itmprp=enc%3AAQAKAAAA4MHg7L1Zz0LA5DYYmRTS30kTitUFUp%2FmA2U83t0jqGK27KWPiGjKxr%2BUaWwBDOuEpObY60wmNgy3MPI6yC0UT3q%2FBNNkVuDgBUYzgOTCv3toqAFpCQQwnrXeOEtDfZCFlYELb9u%2BYSsK8JOB%2F4xu1yErl74d1JpWbO9IB2H8jp6d0c8GnB8ykShFGBT%2BhS817TnFxNW7nOixZHKECTbAn%2FIKsvya13cxJFoXnJu%2Fqwp6pqQxfusBAIlhUNQgJWYk1lfAbcv2XkKoWssSJMwVeknsGrOe6Vwh8wvM4NKrJnum%7Ctkp%3ABk9SR7To17u8Zg
317384831429,Donner HUSH I Akustik E-Gitarre mit Gigbag KopfhÃ¶rer Mahagoniholz,"CHF 90,38",Zertifiziert - Refurbished Â· Donner,https://www.ebay.ch/itm/317384831429?itmmeta=01K7HVNYGN18GN0M8SGRMSJMJB&hash=item49e59c31c5:g:jmMAAOSwsJxnPIre&itmprp=enc%3AAQAKAAAAwMHg7L1Zz0LA5DYYmRTS30kYON%2FfTHbvlRwvNxxF3KkhKK1FixIvvi%2Fb11iS81oIwQAzRttrNVPmFglKorK5RBgyX%2Bt3BxWFMf8s1e1CWOYTh7QyYOATuCFFK2sQcxDmwZ6iD%2B5kEuUKuY72akC0UgnEdkb%2Bllf%2F1TzvLT%2BqE6xMF2jWyaVC2UVXJKf25GkP0Kwq2sDDNJoi2BFAsKFq69ub%2BKHKgBZk2cvpIfnOdJb%2B%2F9Krcaqa28Pxp8RtdL0JRQ%3D%3D%7Ctkp%3ABk9SR7To17u8Zg
355735434979,Donner HUSHâ„¢ I Headless Akustikgitarre E-Gitarre Silent Practice Performance,"CHF 150,76",Brandneu Â· Donner,https://www.ebay.ch/itm/355735434979?itmmeta=01K7HVNYGNNPJY00V620V6GQK8&hash=item52d37bf6e3:g:jmMAAOSwsJxnPIre&itmprp=enc%3AAQAKAAAA4MHg7L1Zz0LA5DYYmRTS30kr2gYHCWkoFwvjsxHFRiNVRYlNSeT27tkX4f1Mw2YrSYlg%2B1GD39uRNqSIuhNrLVHi505M4MWphwJrx2I9lnHiZvd4ehf9Z6YJBh3BkEqOhnqZB1htxkCuTXoiBrnwhVAh%2FkHFq278QGeivEU5a9dfcB2yzgVelC4ayaiVQ170G7Wmhdkoveb21cML4D8f3Xw3Ca8a8lP8bxHle4u%2B5mQO24RGcMZ05nJkIPoSBKFt5LhKdbyJJ6zBJubeLk5x4ukb9MlOgANi6F%2BTBMhWlheR%7Ctkp%3ABk9SR7bo17u8Zg
354831850862,Donner HUSH-I Pro Headless E-Akustikgitarre Multi-Effekt-Pedal integriert,"CHF 241,21",Brandneu Â· Donner,https://www.ebay.ch/itm/354831850862?itmmeta=01K7HVNYGNTDV58BCJ4X38B46Q&hash=item529da05d6e:g:4ZsAAOSwFmxmhRu-&itmprp=enc%3AAQAKAAAA4MHg7L1Zz0LA5DYYmRTS30m1zZnKzZy7zCN92dRopPRGGQcRFs7waAH7%2B%2BseMhzU%2BqlUifbN2VY%2Fu8%2F0WJSzKYoDXh2p987m9h%2FlcpRxcT3dMldj9zJElEIsbux4rKQj4sB7%2F7VeP1K%2Fd97MhZb3jI2xCYHWsplhso0PRltMInLnUsfIHjeDA%2BrPl2X95kFeFVyQ0zVfTrYkPBHj2ZTipGhYu64n3bd0Bzd0a3hTcfBUtCwHNIoFpZ5LzcDZtOHKofpsOefJbi35Qt5Rvak4slvLa1NksHbhBQS%2B5ljVgW01%7Ctkp%3ABk9SR7bo17u8Zg
315389456724,Donner HUSHâ„¢ I Reise-Akustikgitarre E-Gitarre ohne Kopf Ãœbung AuffÃ¼hrung Ãœberholung,"CHF 118,19",Zertifiziert - Refurbished Â· Donner,https://www.ebay.ch/itm/315389456724?itmmeta=01K7HVNYGNPBBSCQEXMZFS1TNV&hash=item496ead3154:g:o4UAAOSwoeln~M7F&itmprp=enc%3AAQAKAAAA4MHg7L1Zz0LA5DYYmRTS30l0MYHsmz3guO%2BAMm7kbhpnhLc3%2FBUjc1i%2FdCz4F5PnL0K%2BF6US2dN0wrivNipYPYW%2F5HhX09GJDdUs8d8dln7CInM4HZCYQKelntOMRTzPhvLYLsvAfBUaijctOy9bEUg5r0BLVGIWHVzgbf21XC5UI%2BCR0kwtUYX8KW%2Bj3NKdDlIFM%2BXzSGNbQDNJ%2Bno3oXobzFOnYUCbtoCCTx0kwaplh4Khn50QFRVi7rTAALR5W%2FPGRDB0zgc02dgpeoHsT6NNiEekmbfx2fQsJ3cBMJ9U%7Ctkp%3ABk9SR7bo17u8Zg
316079102040,Donner HUSHâ„¢ I Akustik-E-Gitarre Mahagoni Kompakt Ãœben AuffÃ¼hren Reisen,"CHF 118,19",Zertifiziert - Refurbished Â· Donner,https://www.ebay.ch/itm/316079102040?itmmeta=01K7HVNYGNX8Z1ZZ1QD1Z0CXP5&hash=item4997c85858:g:b1EAAOSwOShoJFy6&itmprp=enc%3AAQAKAAAAwMHg7L1Zz0LA5DYYmRTS30kpgky2nTjwrWjyRsnzWfLfLtTo7lqIy%2BYjUuYengeOpRxMi3OgKRZ0bA4Vs1tCs4YAewNLaqiyUMro31hvjpmlF5Qg8mfdFxO8zyxdkP2mbu7m4nryfWmf9d4PxY0LRBTp2tJQWLWquRzb%2BsGheC%2FljlJSqGRZ5Azp14LDQcavu9suvFcFurTckmZ2zTkXKBuOqLF2Oz%2FmEvEwuIWS5xwtmmPpa7j9qeptanbtCm6bDw%3D%3D%7Ctkp%3ABk9SR7bo17u8Zg
135439012958,6 Bund Tasche Gitarre Akkorde Trainer Ãœbungswerkzeug mit drehbarem Diagramm Bildschirm,"CHF 21,57",Brandneu Â· Unbranded,https://www.ebay.ch/itm/135439012958?itmmeta=01K7HVNYGNX0GM38X9J16XT34P&hash=item1f88cb545e:g:qPQAAeSw7txo0MSh&itmprp=enc%3AAQAKAAAAwMHg7L1Zz0LA5DYYmRTS30m483CYZb3ErE360keZz0UsYrAuztlz%2BpYnHbsO5Ff913qakbs199GfCB85680i9F5jJ4KiGAbKTAaT%2BgiK602bRiZpi3Uw0%2Bu5Oh7yJY2mLmBkVhUfve22vd3qkO32x67fFF6gvI0CxvqKCnVt6jlnUr87L6%2FXXt0mXCPCBCahzLi7od8O3wG2KMxv8InTkGQhwa7g8leYKealxjvIGDgLxCf%2Bgp0KsB47e%2FUa%2BkYmJg%3D%3D%7Ctkp%3ABk9SR7bo17u8Zg
316929339610,Donner HUSH-I Pro Headless Multi-Effekt-Pedal fÃ¼r elektrische Akustikgitarre eingebaut,"CHF 253,28",Zertifiziert - Refurbished Â· Donner,https://www.ebay.ch/itm/316929339610?itmmeta=01K7HVNYGN4HNKFT8JNWXTGRMV&hash=item49ca75f0da:g:4ZsAAOSwFmxmhRu-&itmprp=enc%3AAQAKAAAA4MHg7L1Zz0LA5DYYmRTS30n4m6Q9qF3dJGWRZFaAkfrEmLX9F3o5O5pqWyXs4ZXdfWAcc0ZNlidnVnXUVY760hymYCOSU5WJ9yvT7RkvefF5aWWWT0gyw7Zj9jPn7akFhxOJidCYTfUARFaAUaEBFVS9lZEgJkKFVEiQ7XaYx3waOVa6v5tCVcuGSO1w%2Bz%2FzssyfObb8AyztlNctDZw%2BVGJY7BMU%2BP1OKP2FFyhXkT6dh0c1pua1Aj26WtfrYAVVlvYFg4KqnB5aA5AS6AAhyiaqrF%2Bu8cB1DJX3L7o%2BPbQb%7Ctkp%3ABk9SR7bo17u8Zg
317188051603,Donner HUSH I PRO akustische E-Gitarre mehrere Effektmodi Smart Guitarra,"CHF 241,21",Zertifiziert - Refurbished Â· Donner,https://www.ebay.ch/itm/317188051603?itmmeta=01K7HVNYGNW9VXHGKZAHTDX12N&hash=item49d9e19293:g:7d8AAeSwdN9oopaA&itmprp=enc%3AAQAKAAAAwMHg7L1Zz0LA5DYYmRTS30nLMZeoaAYFTPIQ9LyNskYFbxMgAHaHS3Orzp6Ops1W3iNNglCS%2BRmZdSVH1SSHccBICkLKaUe0nRYq%2Bh80oE4%2BMHtO2A5vmRkHEEYVYGbtd0XG7cc2Hq%2FxBWQIgR%2FlYGeHQysFEgV944yqnIFddYoJJgQ5Xjx3m3sUMUop43O8GIJtBZGZ1PdD4i8V2JvHMx2iFv7sY478JuR%2F88FFEaIEYxft1hsN0IAnS%2FyMPCMFNA%3D%3D%7Ctkp%3ABk9SR7bo17u8Zg
396687479928,DIY 6 Six String Electric Guitar Kit Mahogany Body Rosewood Fingerboard,"CHF 192,98",Brandneu Â· Unbranded,https://www.ebay.ch/itm/396687479928?itmmeta=01K7HVNYGNDA44ST6BKAMCGFGJ&hash=item5c5c6a9478:g:DFYAAOSwnsdoPlnY&itmprp=enc%3AAQAKAAAA4MHg7L1Zz0LA5DYYmRTS30l87kC7UOyfJ7zTBWsDlsBqmha9d8HxGCMCKCW2f2jVsISBKPlBJ6hN3pjmXUu1UwfGXi0urGXkydVscqAF8mYqvCUZXUeiXx3Vt%2ByIV4g6EVNs3w8eByRWUypccXAfj8c3owDywrQ7ktuNeGYjzwuOsvL4bv2pCE3RMZNGmvnsAzxEmkGqgI128%2BremeHWXLWhOtRPxO2IZUB99o6V5EnRm6gAM20eNheA1b4lIpcoRypIozOhJZR0Vod9wS8Gi6qAd5SRfIN3I%2Bj8DfIdzaKZ%7Ctkp%3ABFBMtujXu7xm
167761494562,Electric Silent Travel Guitar Ultra Short Scale Length US WH & Gig Bag E65-NA,"CHF 209,06",Brandneu,https://www.ebay.ch/itm/167761494562?itmmeta=01K7HVNYGNY416NQH20RTWG00X&hash=item270f5d4222:g:ooIAAeSwcHhotlb0&itmprp=enc%3AAQAKAAAA4MHg7L1Zz0LA5DYYmRTS30lq2nRCmm5RkSP%2FGFlv3UjINlgVYnih1hUFIl61QSzwCRAc%2BCyB9rdCVivNk7MVO%2BkhNBfu7xWiAmTXyGBmMnSbzVHSaJaRfdeyn%2FsJJAkuYC5wcs5gpSK91GvN%2F0rF6XfZN6zd9koekB0msSbBwV4sKZkl513aSMrrnJVzThJYNeoV3DDkUKP0Dj%2F6EpCN%2BMy%2FMRuRzQP3VpaDNfScQo8Ye3uw1QJJi%2FrBAKtVgc3D7OSTLqLCNwFp%2FtfwmzNCGNGBvg4%2FfOC%2BWickrc1O5ov9%7Ctkp%3ABFBMtujXu7xm
365838568841,Electric Silent Travel Guitar Ultra Short Scale Length US WH & Gig Bag E65-NA,"CHF 209,06",Brandneu,https://www.ebay.ch/itm/365838568841?itmmeta=01K7HVNYGN8CYJ97357K331PYB&hash=item552dad8d89:g:LMEAAeSwiHlotkkm&itmprp=enc%3AAQAKAAAA4MHg7L1Zz0LA5DYYmRTS30kBM4uXpZ5rnOgGiDuOTTWq%2FvrL4MJVqM5ilrhGNCuBVJAoDq7kEvaNUgS2N56DDAzwvHxi2fh%2Fnszvb76K1%2BLxr8FbbMdMI2zX1cm0nSIJgmiLqGROrJwjYfeKT8XLTD8JmuYzWY%2BH8sb2jB5MM9x5aSLqpY5ho%2FPukax15Nh9oVjzzgKINRxLNy4IMLYUr81oVqxtWS5K6d3RtsxPwAVy3wz2ZlWWAS6WeBXCNTk1c7mOBDo0gmdkkO9yOphQ2MOIs5BxaCKW0GtJXp3UDPzY%7Ctkp%3ABFBMtujXu7xm
286211110294,Tragbare 6 Bund Gitarre Ãœbung Hand Training Werkzeug Akkord Trainer fÃ¼r AnfÃ¤nger,"CHF 8,60",Brandneu Â· Unbranded,https://www.ebay.ch/itm/286211110294?itmmeta=01K7HVNYGNE3BVFXFMD8QXEW9B&hash=item42a382f596:g:-HoAAOSwFMJnWqv3&itmprp=enc%3AAQAKAAAAwMHg7L1Zz0LA5DYYmRTS30nW4NcqBbFXOuc8Of8whB%2B%2FqUQEs5QGQc1irBNqiGx2ZTF%2Bmtd5MGYVNln5pDMQIf295HeuIvPT0cvbtXCPubL8JEJ8nGkKWYt9bEGrAHUUM8V5d4tJwpiLgQCzuywzvJIMpzF0bInEwoubIgOE6eC3kZceJdQqOkt1XZaES9fpA3Gk%2BHRyxa1fOpXYjZXzmxkF8oOfsb%2FEJBhODH5Z2aYDe4rgdl9lJNqNytHu%2BZzyYA%3D%3D%7Ctkp%3ABk9SR7bo17u8Zg
267023747496,"Pocket Gitarre Ãœbungshals, 6 Bund tragbares Gitarrenakkord Ãœbungswerkzeug","CHF 9,31",Brandneu Â· Unbranded,https://www.ebay.ch/itm/267023747496?itmmeta=01K7HVNYGN1HF46SQECB8788TB&hash=item3e2bdb09a8:g:8f8AAOSwlTdnCJuG&itmprp=enc%3AAQAKAAAAwMHg7L1Zz0LA5DYYmRTS30m1iFWJhwZKmc%2FWucudbx3%2FFzZOT7VMvhIwADAVeBoX0SC8kEKys0t2U%2B6vtAxra3UDv15swlEsaCxrbZCkXm%2BZio5Z8SjqqXlNQw12g2u0aGzzTD%2F%2BZD3ZSc8PgKhSpoyfPu9YszWo1cW3D62IlUZeRZYdGSucpu%2FuImCnyqPuMp1Ct8OZv2Zluj3RvFQJKMt66v0mM37H5%2BlN4bBCsTYYULMNNxPd2%2BGkSGcgZytdgw%3D%3D%7Ctkp%3ABk9SR7bo17u8Zg
317157718692,Donner HUSH I Akustik E-Gitarre mit Gigbag KopfhÃ¶rer Maghony Holz,"CHF 112,56",Zertifiziert - Refurbished Â· Donner,https://www.ebay.ch/itm/317157718692?itmmeta=01K7HVNYGN2G0960TEBA0V935S&hash=item49d812baa4:g:jmMAAOSwsJxnPIre&itmprp=enc%3AAQAKAAAAwMHg7L1Zz0LA5DYYmRTS30kmMigCvTouWLO2ET2klc4FvyMj6PNmWLMAQJ1qdBN7peYJ%2B6HU6t1mWI2tI596kEJx1r0QNM155Be7%2FFPkZh2WlW3t124JP4kRzC3hPRCOdoOMupxT7c5xC5c9v%2FrJuahq32EFTgc5wnpseja0c2Eyv91xOgy5k0kMrzdCs40kqYQJf%2BtQ%2BUJ6%2BBKY58J5cwHhhNBfrMm%2Bwee69HK4cNFqRSzJbdYyN9D6LRgvE41yvQ%3D%3D%7Ctkp%3ABk9SR7bo17u8Zg
306393159820,"Pocket Gitarre Ãœbungshals, Gitarrentrainer 6 Bund tragbar Gitarrenakkord Ãœbung","CHF 15,33",Brandneu,https://www.ebay.ch/itm/306393159820?itmmeta=01K7HVNYGNXYEHJ8Q6TZY73VBD&hash=item475674988c:g:zYMAAeSwiGBocuqX&itmprp=enc%3AAQAKAAAA4MHg7L1Zz0LA5DYYmRTS30mEu5Ld15k26xYLgNfcwwtR%2FWd5mYY4vxJSsyGR%2FcEt08nHosaIZuDotT8OUhojSYPaSKXBYQZ4MLyDX9idoR660b9VOgfQqyD0lwaxTK12YXiyZREqH6nX90OXfcEVMlZbERiDbna3ce5GssFVB9EfOk%2FMHFeRI5vgioCJ7dtg1T8vR%2FotCB0mRiEHPiAtJ3u5dnWIhS8fFiqvlraPZfIjbyaRkR2iwyiZQ9HVpSXtWpeizRWRf4D38aH2AZNPqZSbaw7orVc8RCTdrFnj5s0l%7Ctkp%3ABk9SR7bo17u8Zg
19065016475,Donner HUSH-I E-Akustikgitarre kopflos leise Praxis tragbar reisen,"CHF 136,68",Neu (Sonstige) Â· Donner,https://www.ebay.ch/p/Donner%2DEC1782%2DHUSH%2DI%2DHeadless%2DAcoustic%2DElectric%2DGuitar%2DBlack/19065016475?iid=355800914110
19065016475,ðŸŽ¸ Donner HUSH I Headless E-Akustikgitarre mit KopfhÃ¶rer Silent Practice,"CHF 120,60",Zertifiziert - Refurbished Â· Donner,https://www.ebay.ch/p/Donner%2DEC1782%2DHUSH%2DI%2DHeadless%2DAcoustic%2DElectric%2DGuitar%2DBlack/19065016475?iid=317407561872
127198631356,Cross Guitar 2.0 faltbare akustische Stahlsaiten elektrische Reisegitarre + Tasche NEU,"CHF 229,17",Neu (Sonstige) Â· Traveler Guitar,https://www.ebay.ch/itm/127198631356?itmmeta=01K7HVNYGNAW44BQ6SA1EDCJS7&hash=item1d9da115bc:g:hLcAAeSwHQdoXI0B&itmprp=enc%3AAQAKAAAA4MHg7L1Zz0LA5DYYmRTS30m0LQYEOEyk9JakJ%2BxWX1UcGnjX6yGSclhDP%2B6IXolOK3Z0FjX37nU%2FoHdVJRdGwBnelyufAmVKfVimDEiQEVUmSa4L2HgefeCcxdLOjLGyrwkMXOM85l1KY11WedWCW%2F6s%2Fkv8LZso%2FDYv1GlB5gl%2BWQynUwfbmoSMYqZpUCl4oYN0gPrK6RUaunh%2BK%2FuJ%2FsEsGzzDiBi0axxm6v7YfOhgNHumh%2BEKCzyeB3IHkvVnG1QBGQXtXAAQV35OaX%2BCDVtiVt9lBrNBQ7MdcmwJ7OXV%7Ctkp%3ABk9SR7bo17u8Zg
317258166068,Donner HUSHâ„¢ I Akustikgitarre E-Gitarre Mahagoniholz Sunburst mit KopfhÃ¶rer,"CHF 112,56",Zertifiziert - Refurbished Â· Donner,https://www.ebay.ch/itm/317258166068?itmmeta=01K7HVNYGNWA4DKNVR9B6G1THS&hash=item49de0f6f34:g:2cIAAeSwdw1ov5LE&itmprp=enc%3AAQAKAAAAwMHg7L1Zz0LA5DYYmRTS30lZc6oxvt4d0zTCQv3TQOeJQwmdalJthcH6Td94qXqiVvnf7c0rWFDdAwGcIhOIRaOWDRhmTNFIKZYfa%2F1fpCaqvvm05ugjzULXDMutquBDLvLKjFwJrTMhCTg2a0TF9ufXt0RpuZBREKBY8YBWMLlPoEHt3V1OGvQ7VelxPkF2wCuFFqrx6UhKtBlQmkjQtoFgDivpa79V6zmnuooaNTUf8t56EfPzMcmjVpHf2Tyc9A%3D%3D%7Ctkp%3ABk9SR7bo17u8Zg
19065016475,Donner HUSH I E-Akustikgitarre ohne Kopf Ahornholz schwarz mit KopfhÃ¶rer,"CHF 96,48",Zertifiziert - Refurbished Â· Donner,https://www.ebay.ch/p/Donner%2DEC1782%2DHUSH%2DI%2DHeadless%2DAcoustic%2DElectric%2DGuitar%2DBlack/19065016475?iid=317407561810
317384831395,Donner HUSH I akustische E-Gitarre mit Gigbag & ZubehÃ¶r | Sunburst,"CHF 90,38",Zertifiziert - Refurbished Â· Donner,https://www.ebay.ch/itm/317384831395?itmmeta=01K7HVNYGNAK4HYJ1T2QX7CQQY&hash=item49e59c31a3:g:2NAAAOSwzgZnKYTZ&itmprp=enc%3AAQAKAAAA4MHg7L1Zz0LA5DYYmRTS30mrEj5TWc3yuc5s73BfCC7jtjWUXa7dLCWYvNwmdYHh5p3wZRnxHnd%2FY%2B1F4ye%2FqKwOgCgZNi1gEBlsOc5yPxwzw7bGXQGzEyl2y2IQrxUhnYKzTJoRqJ1Ybg4h%2FlC7PP2Mk%2F1z872EvuB1KU5qRxpb4s4dmrjRN4kWmgVICqoTqS1aN7yY31qH54%2BMkGiA%2FdhoipEOULac4a02tAxit7D%2BgsOKZcLK19Kovze3laQ6RystlUvbOvzz6piUPo1wvX8WuD%2B1Ho1kyBDLd6iZZenc%7Ctkp%3ABk9SR7bo17u8Zg
317268835654,Donner HUSH I Akustik E-Gitarre Headless Silent mit ZubehÃ¶r | GrÃ¼n,"CHF 160,40",Zertifiziert - Refurbished Â· Donner,https://www.ebay.ch/itm/317268835654?itmmeta=01K7HVNYGN60EERY0JQG6R6W62&hash=item49deb23d46:g:fD4AAeSwrzFowoaB&itmprp=enc%3AAQAKAAAAwMHg7L1Zz0LA5DYYmRTS30mBc6wmcgpZX1OiLMiWaQPiPBQiNMBkF0NHbm40E%2Brn2cDsJt4NS8T6GFa4miro5MUA%2Bred5wOeu%2FreanW6BUYII5saMACsBjP30cusAFfgRxUASIGB41w3cj%2FXfaecBv9NnRHwYlXXuq0DauVNF5H1Smrhxkfk1SKH4vL9YGcrUqTrLi3Q09bQDgAWXq737w5bxgP1KauLGpfLC8cDoaf%2FGMQH94jZMc5bZlUu3MOXsQ%3D%3D%7Ctkp%3ABk9SR7bo17u8Zg
236363502774,SMART E-GITARRE SG7 tragbar multifunktional mit digitalem Capo,"CHF 100,51",Gebraucht,https://www.ebay.ch/itm/236363502774?itmmeta=01K7HVNYGN0VGAR37V7JAQ731C&hash=item37085cd4b6:g:T1wAAeSwsq1o3kfT&itmprp=enc%3AAQAKAAAA4MHg7L1Zz0LA5DYYmRTS30nwXCIzwrf9D0ds5pmoDDY%2FgyU2dTtqHcAymGd2R3OaCqcTYTqDgFBpmJ5NeDrGdodQ3kOlHBXYXG659SyaJdBcKdJstZtf5YZlhQPpyascSENSHDS2SgaR8iUloP8D5bdbSbzgC6%2Be2L%2BkbL1Dj9u7J8AFgaf2fsI8e7EN5KMRM152E8LZ%2FFf4c3tvpQ5%2FA89Rfi0RAxLdw8jtQeyq7JKz99xvZR6gy5fWXs8VU67k0XOS6nAu7eoH%2Bmz3hQcJb1jyQ7E7lhGQGumzeLlXQXNJ%7Ctkp%3ABk9SR7bo17u8Zg
365838582187,Electric Acoustic Silent Guitar Ultra Short US Warehouse Fast Shipping F65-BK,"CHF 209,06",Brandneu,https://www.ebay.ch/itm/365838582187?itmmeta=01K7HVNYGN04P1VQ425QK4ZBWQ&hash=item552dadc1ab:g:D4gAAeSwGgtotkpc&itmprp=enc%3AAQAKAAAA4MHg7L1Zz0LA5DYYmRTS30n6Gg90RiSK1rNf1IIIuWeJi8%2B4O2qNZu6YXx0nTbc9AJ5vW%2F9ZskpHq6pBWDbyQdwkxUp%2FsiLeMWnJNEZxb4xiGRocRa6PbBTb84jmbYqKTJnKOhdD6OIEzUbdVpvibopp3g3rrf9Oxo9%2F2v8neaQRFafBm4dpP6S1m%2BGXza6DILkQxn9j0%2BqXvLStVQg75ysohhS3T4vJiSn%2BFhIN87bvpd8yzpnLJJgtgIK%2BZ72rdJrBxB0nAV1pBFb1Vmc%2FRQjY9PHRQT0c%2FOKpXL41pRU0%7Ctkp%3ABFBMtujXu7xm
357555175100,Electric Silent Travel Guitar Ultra Short Scale Length US WH & Gig Bag E65-BK,"CHF 209,06",Brandneu,https://www.ebay.ch/itm/357555175100?itmmeta=01K7HVNYGN9F2ETNA9BZQ1TGZ5&hash=item533ff2febc:g:PC4AAeSw6u9otlq6&itmprp=enc%3AAQAKAAAA4MHg7L1Zz0LA5DYYmRTS30lYiCQzHMsCkjcDStQj%2BEvzGlI0DbNDzsWP1MZGLK%2BaNlajRC%2BEMwuS%2BajlR909aYEXdU1j%2FHZtv1Qk1kStVP3q5upl%2BjC6iFUcHVqCiX2TsPvyJzK6zan3b1zCsg%2Fhdmu2twprzdOJdSFHE5WNKI2eqZffIZcsZyT7pdWmWpTxyTYoIXjzI61oYBrfxbgCO0DFx3m5xkjlT9Y6XhdXI%2Fkzri%2B4eIVQyigf7VxxeoorP%2FmOHzreAd9U2xk55IThd0T5PQsnDrbrlW7z4IHe75DT%7Ctkp%3ABFBMtujXu7xm
365838665992,US WH Full scale length electric acoustic guitar silent travel portable F75-BK,"CHF 201,02",Brandneu,https://www.ebay.ch/itm/365838665992?itmmeta=01K7HVNYGN43GYD7ETT8P8DF13&hash=item552daf0908:g:QQ0AAeSwkGtotlSj&itmprp=enc%3AAQAKAAAA4MHg7L1Zz0LA5DYYmRTS30kKJYI6XS5AP6IlUMlvZmjngUYMRAaZxNlIRUlIcBT6uueXSeknQL14EFyvL8vy9mCMHR0fEF7MER0jhAISfG0%2FHjoYP2LJGhkCyHHrT9SzJRPQRk8Cok2V--62t8bIpCvo6XQTjbg9YPicCsauU%2FZFSmNqeEhpGmcc8d9rsSuIBBCuWHWWG04yE3oCKB41OdI1UL%2BEvcMYuU6rAnHblxXhHNFVQYCDcMlwPYOXBsRJmFA7Ex7Ar%2FwMNGWB7cz%2FuSNRzsFrlpKCBcMiZ7QIeZKk%7Ctkp%3ABFBMtujXu7xm
405006840936,E-Gitarre Full Scale Length Headless Travel Portable,"CHF 217,10",Brandneu Â· Unbranded,https://www.ebay.ch/itm/405006840936?itmmeta=01K7HVNYGN9SDYDMYRP9G0G1ES&hash=item5e4c49f468:g:iWcAAOSwDipmWJMu&itmprp=enc%3AAQAKAAAA4MHg7L1Zz0LA5DYYmRTS30knltbWEumcViFsZEvTgtSwvo6%2B3Gm5kXFDAFJyBZI9ATfnCXahDnaGFEZPEK0TXSe%2BoApJscT6Gb8cyBDgJV8daWm1d6NOQtM7V1nneT8K5%2FDmtrJNs00Ow%2B%2B1bicIkcH3hqf1ZeG7zMtCpPQqPint8EUGCcpUilHnUBNoeleie5rfCc%2F8eV4iU23qpFAElh9Yiv7A5bTisxdKDCitiZvuMp1wLXKllM%2FlVDsW9yb8dQ2AYeDQD3pOPETgzRr4GnkGtsDcUaTA7Um3X%2Bn1QTBQ%7Ctkp%3ABFBMtujXu7xm
127430825325,NEUES ANGEBOTTragbar Mini 6 Bund Gitarre Ãœbung HÃ¤nde Training Werkzeug Tasche Akkord Trainer rp,"CHF 8,41",Brandneu,https://www.ebay.ch/itm/127430825325?itmmeta=01K7HVNYGNE63XQK867PHY76E7&hash=item1dab78156d:g:XzwAAeSwndRo7hl3&itmprp=enc%3AAQAKAAAAwMHg7L1Zz0LA5DYYmRTS30mULVUUeGUREAxdtQCwNChAn2yRXAWEPpCpRao6GPqdPY4IyymiLZA9y5wLoOs6%2BxsS%2FM%2Bn3eQ3FwUCpSLBqEfJBwEp8bkZL%2FkwItXG1dFYPDHYDnKAc7K5RAlsaOTsAxPbYX6Pmeg%2FItty6w0KJpbKub%2Fv8%2FBmQaZOyv%2BUgFe9iYfmeCbEhe%2Bb9qGm09HA1EJeUcGrYFsw55Amd3Fa6P72r5n%2FXNmleP1PKr3qhwp6Ug%3D%3D%7Ctkp%3ABk9SR7bo17u8Zg
317143812654,Donner HUSH I Headless Akustikgitarre E-Gitarre tragbar mit Gigbag KopfhÃ¶rer,"CHF 112,56",Zertifiziert - Refurbished Â· Donner,https://www.ebay.ch/itm/317143812654?itmmeta=01K7HVNYGNQ1X02VTW3J2X2D4J&hash=item49d73e8a2e:g:xF4AAeSwupZokFFq&itmprp=enc%3AAQAKAAAAwMHg7L1Zz0LA5DYYmRTS30loVqTzK7rxGX2ODebs%2BvP2KyvUhStofzcicg8hTgZYHQjM27iqB3kXhBuXBeaDOLRLC1lSSwYrDbRXu3LavWeBUsiX1EXZm7jZEAjtcrD6f5wAvcdFKqT9AJmZDDnYkBS7i5XDwcvd2URRBlKrxZf4tnJdCBU67Qr3%2FPl%2Br9qu6N2CByoXApTD%2Fdrx%2Bumo2mnnKz5Ee3NVqH%2Bf3G17aa4E7sYI%2BloIJh2aF%2FgTY1KSgA%3D%3D%7Ctkp%3ABk9SR7bo17u8Zg
126110410116,Gitarrenakkord Trainer Mini 6 Bund tragbare Tasche Digitalgitarre NEU,"CHF 21,17",Brandneu Â· Unbranded,https://www.ebay.ch/itm/126110410116?itmmeta=01K7HVNYGPRBVDWFN0AH1CWC11&hash=item1d5cc42584:g:OjwAAOSwBb5k2lKm&itmprp=enc%3AAQAKAAAA4MHg7L1Zz0LA5DYYmRTS30m5EZFaDU78HFALchsUFVC4JrJ1qTEkEzKeFu5GyKPAMMRQhut5Kbzk0z8hd6TWzj2qw70eljasdZXDwk4u7QwR%2FQfBr3UrkHz9u6UkFjSIqxfuHlqw4Kvngzc18t5mWpUCQZrPpV6GEG1HgCrejjEPEn4oCAVlqWsVKieXdNC3gK%2BVMLrcreadf%2FDlYZllD6PTiejQ3QJ21fDP3PEhb%2B3mVmq7TF1Xz1wHmZjKh1y9OCw8xczHeJfa2fn3qqHI0U4ub91fntHS8KvfhEpqJJow%7Ctkp%3ABk9SR7bo17u8Zg
136591786303,NEUES ANGEBOTTragbar Mini 6 Bund Gitarre Ãœbung HÃ¤nde Training Werkzeug Tasche Akkord Trainer Brandneu,"CHF 8,41",Brandneu,https://www.ebay.ch/itm/136591786303?itmmeta=01K7HVNYGPVSEH4X3SM612GAV9&hash=item1fcd81413f:g:shsAAeSwO~No7hl~&itmprp=enc%3AAQAKAAAAwMHg7L1Zz0LA5DYYmRTS30mauwuOT0oElwYrfS3%2BdlLHElJtOasj0zJQTNFq8%2FtjVmFLdRD0sBmqlF0PdZD1MWQ4rSUb3w7zwjnWGQXtiS%2FYP5yW2PXNau%2FBR%2BoTe240RdLhXfrdSkXjL%2B7NXa2RUtKq8igNazg938HFIkYZjPRahFe5AtBlqaJ%2FMAkof%2F3lEpIykbhuiiVI80zXbJv0RbG3IdZSbBBUAgZTjS6KSLY60Gm4OCGyOs491fxLnM2pXw%3D%3D%7Ctkp%3ABk9SR7bo17u8Zg
326811111171,Portable Guitare De Poche 6 Fret Model Practice En Bois 6 Cordes Guitare Ou5644,"CHF 9,03",Brandneu Â· - Sans marque/GÃ©nÃ©rique -,https://www.ebay.ch/itm/326811111171?itmmeta=01K7HVNYGPDFSPD1X4ZWSWGX0T&hash=item4c1775cf03:g:C2AAAeSwt2to6LKS&itmprp=enc%3AAQAKAAAAwMHg7L1Zz0LA5DYYmRTS30n8T%2FVfu83MoxDB%2F72X9OLTybJjWmG72WJzFTSNBrrh3FydDyL0KLQMmam3H9oftWt9dbBoO0g0%2FcC2YMXy%2BXdO0b7xjEI5a4RJUD5FFddQzIdxjWT7CdL%2BsLRhWEDEUBWjRtttBa8e860YdPckQAcNLtBXaOQTwbUo61YA8PqfPWHDe5vTU%2FrEPvl6qtdCXwsu8ah9vYFt6qold%2FrYw8xmhtNXIMj%2FLKxys1iY5h1hLg%3D%3D%7Ctkp%3ABk9SR7bo17u8Zg
167859989154,NEUES ANGEBOTTragbar Mini 6 Bund Gitarre Ãœbung HÃ¤nde Training Werkzeug Tasche Akkord Trainer ds,"CHF 8,41",Brandneu,https://www.ebay.ch/itm/167859989154?itmmeta=01K7HVNYGPNMJMZW0BE27K7SZ2&hash=item27153c2aa2:g:cuUAAeSwUBVo7hi0&itmprp=enc%3AAQAKAAAAwMHg7L1Zz0LA5DYYmRTS30kGx5IFawEP9a1%2FQhe3lWxRoBOgBfBh4rQLW12id5C1vG3zJVZrX%2FihxObAZ3Fu1YXwJOXgXLr%2FCA5dzugZsRjfqVYQg7W7%2BTCfgPnnn9tNu9nSlBydeT1tthwIp%2FrqmxyL4V%2BKv6zWqj6O7%2BL1xCg7mbpI4pp1S9BrgS9dzmB3xj%2BU6o%2BcMTwY6Ucg6ryiNZ9ulzRQOiXlqdtWRoA2Uj%2F9YI%2FfhRhr8vDJilmKN91ELg%3D%3D%7Ctkp%3ABk9SR7bo17u8Zg
167761524304,US WH Full scale length electric acoustic guitar silent travel portable F75-BK,"CHF 201,02",Brandneu,https://www.ebay.ch/itm/167761524304?itmmeta=01K7HVNYGPQE7XV91CQJ4FYC45&hash=item270f5db650:g:T0UAAeSwdw1otlnd&itmprp=enc%3AAQAKAAAA4MHg7L1Zz0LA5DYYmRTS30mpxbFsU5ZyvdXBvlGvOKg2nuWSfzSFKBPhRfV%2Bs%2F7WusNMbKthoG8w%2F4pVBVRIajGZjrTPsOIlYpi43raKhBh8U5HHHBFGJtd8Z%2Bl7YasdSJCcc0wDql%2BoJyu8aifXR4S%2BOVI%2F714wonm1JN0s3L829rjJAUVysClLiU2oa%2Fn%2BzZLf0JyRxYRIWNqH97rMkQvf9MxTNqhWReLBDgdu%2BUVKgtG7q9yFvCLWdWoMfiw8T%2F2VhTq4eulsp8zAwq0I3hSyvy0Afh8D5snAyebwFEh0%7Ctkp%3ABFBMtujXu7xm
365838584024,Electric Acoustic Guitar Ultra Short Silent Travel Portable & Gig Bag F65-NA,"CHF 209,06",Brandneu,https://www.ebay.ch/itm/365838584024?itmmeta=01K7HVNYGPH7AV8Y93FPBG4YK5&hash=item552dadc8d8:g:G-4AAeSw3YdotkuH&itmprp=enc%3AAQAKAAAA4MHg7L1Zz0LA5DYYmRTS30nfQe7w%2BuhAyfw0T6RNtIyhr7xymISx%2Bld8Z2KGhAAfOvEInfRsu3teNgfEX7sb0OnkU9RArw8fsJxOyg06UfGD3t8AxGMUzfzq4S0jahyRG9R5hVC%2BiVQr4fm0dU1Lhw%2FqHxl1aynmJAlR77cg9BvU%2Bf4D2H6poRDkJGHK8KBWqjKwnKfBVqwrr33xQhnMb0AbC8FQdKWJHXCZxu65f0rlzNtGy%2FEqE89Zrte37xNMDbkavGZLToJrepKrTXTLu1w6LvsNMqfhAGuVrSxXl53O%7Ctkp%3ABFBMuOjXu7xm
317143796706,Donner HUSH I Akustik E-Gitarre Headless mit ZubehÃ¶r | Sunburst,"CHF 112,56",Zertifiziert - Refurbished Â· Donner,https://www.ebay.ch/itm/317143796706?itmmeta=01K7HVNYGP28WFEHY40VBD1PG7&hash=item49d73e4be2:g:hSQAAeSwI~tokFIl&itmprp=enc%3AAQAKAAAA4MHg7L1Zz0LA5DYYmRTS30lQZ7Vs555dnqu9R8EmTLET6Z1MUIWzViPXLew8WVy9wjNh3TvsDsAQuF5CyqeqjkLzgJj%2F4unGfqUx3t1i2YYN62ma8JAb2SmwTS4bVI1SIU6MRwWIVUO9jUkfdkFhBCFOSFHnDpUcfSVqs%2FbyWSw3ClbUrOsfqWjr%2BNyrTE5zfGrwcwgEpsx%2BdfuZPUjeWppd5%2BC3WTQSq3yxeVvXZu0oTqwL7iv1DmNwi3MN0%2BiyL7GvM1ZsM759O%2FfKH6bFN2SHUzny4Igi8bA2gir4YT0b%7Ctkp%3ABk9SR7jo17u8Zg
177490153754,NEUES ANGEBOTMini 6 Bund Gitarre Ãœbungswerkzeug Akkordtrainer mit drehbarem Diagramm Bildschirm l9i8,"CHF 20,36",Brandneu Â· Unbranded,https://www.ebay.ch/itm/177490153754?itmmeta=01K7HVNYGPJSS182AKWP3SRMMR&hash=item29533cd11a:g:K8oAAeSwH4do7h2x&itmprp=enc%3AAQAKAAAA4MHg7L1Zz0LA5DYYmRTS30m0cTiEwN5n5CzK7uGu5stL7WRRh6PuEXeOMAf94M34BsFrV1A7M7GDLru5XchGczBsj6wr4IagTrNR8s%2BmV%2BnbuLiDY76U1oGWuWY%2FlySzx8ZzaQu%2FtSZE5P0kAQHmR2Wl7g7dRo0ueotROnALwWwBqeBReybY87xBUpTVvqACzilsRZ93pYBJ4a84kJeLCGG4sFPhF7C8yH2gUC%2BSoedeg9HQD9GALyxDIFRBB94hgei8RavK5U6Z8HqQlBT3rQMHDaano0rMmOh0RzplWSwf%7Ctkp%3ABk9SR7jo17u8Zg
205695708242,6 Bund tragbar Mini Pocket Gitarre Ã¼ben leicht Pocket Gitarre Ã¼ben,"CHF 8,59",Brandneu Â· Unbranded,https://www.ebay.ch/itm/205695708242?itmmeta=01K7HVNYGP2N3QET7JQWV2MEA8&hash=item2fe46b6c52:g:UUYAAeSwXBhor7f2&itmprp=enc%3AAQAKAAAAwMHg7L1Zz0LA5DYYmRTS30lj%2Bsaxm%2Bfo5i7phrP3qqoNqWS2sYoIjfQxToYjHYgbhUqUfsrDHNJNFiCfFXnErdjdb04uGlwxiOGclDfTARZN7nHjwzouzHDlKfq95gewPr2vHwCIKxKl8BIlxEbMkLh4Ja4Ztx5IOVK969otr5BFtHI2Ws8PMWD0mp55RfZ0hX5oGb0%2B48dpGIbEf1HO1pVZoDgfJTHYaZYLonEd1WQISIqiM4A4HB40dwHz87n64A%3D%3D%7Ctkp%3ABk9SR7jo17u8Zg
355971736209,Donner HUSH-I Pro E-Akustikgitarre mit Tasche Multieffektpedal integriert,"CHF 256,29",Neu (Sonstige) Â· Donner,https://www.ebay.ch/itm/355971736209?itmmeta=01K7HVNYGP0C649F3PQRXQNC9T&hash=item52e191a291:g:4ZsAAOSwFmxmhRu-&itmprp=enc%3AAQAKAAAAwMHg7L1Zz0LA5DYYmRTS30lPlGqRJ9mbszAAoO%2B5iJH6qBu5vUB08hFJMktcOPd%2FIMVlu0PA%2FuJ2raRb3H9IriGKEc7G0GILjiDfSZ8OdghYiRzIX%2FVYXAUIS0cJGuYkejfKoY47%2BtGXoGZ%2BKMs%2FXEQ%2FGA%2B5uK9gV03tKhiEGAWC0OffAxoyxHPU7CUIvBeFzP93d1706JNtJSwOHbwO2urZPLbUVsoT%2Ft7akk9WMe%2BFgzxUb%2FRJ5EDR9zlNwBXaKg%3D%3D%7Ctkp%3ABk9SR7jo17u8Zg
177490123052,NEUES ANGEBOTTragbar Mini 6 Bund Gitarre Ãœbung HÃ¤nde Training Werkzeug Tasche Akkord Trainer rt,"CHF 8,41",Brandneu,https://www.ebay.ch/itm/177490123052?itmmeta=01K7HVNYGPP2SKKWHY0ECKZBR8&hash=item29533c592c:g:xssAAeSwTuBo7his&itmprp=enc%3AAQAKAAAAwMHg7L1Zz0LA5DYYmRTS30mbPLTEPRKfKnGv11lH5kl%2Bv5EsTq8SVzJzChCk%2BoDw60kJUrXzb%2FxdZ5d9DMmv4OOAYg9055GRv33i36NK%2BZNwO3YZjfp6cBlsLky33a7huK7CZn2DWPp5xB4odeL2elMUzkobfegV5FD9VRFIsdbDY26bggWLS5KWfCW1Cv3owAhFD282vPQSay0Ki%2FaVH4xBqatCI783EarsnlGS2Ib291HJKd73Wk0jKKQ%2FxOaYuw%3D%3D%7Ctkp%3ABk9SR7jo17u8Zg
357749318385,NEUES ANGEBOTMini 6 Bund Gitarre Ãœbungswerkzeug Akkordtrainer mit drehbarem Diagramm Bildschirm b5r4,"CHF 20,36",Brandneu Â· Unbranded,https://www.ebay.ch/itm/357749318385?itmmeta=01K7HVNYGPVG6NW65113TBC57R&hash=item534b8562f1:g:Nb0AAeSwp~xo7h3~&itmprp=enc%3AAQAKAAAAwMHg7L1Zz0LA5DYYmRTS30mwehRCVaThsiA%2Bq%2Fpl%2BkomMxu6GMoUwDQKIUV%2Fy53d22nbbqe0fbdrDImJjelDrPbhDLvpdpKEyod8OPB%2B%2F5JyhEAdpazMZmPBOP0x4yuN4IECwEoadjArw%2FDEsWmxjOhm9TV3GekTlnvgi1aPunl4J0Qn6%2Bb4UoZlNzmtfl%2Fh8BFWwjhdIXIRpIT3KxHunIdA6g%2BNUEO1qbHxHSvkdSGYMCqIJNqq64JKO6HKjxxr5w%3D%3D%7Ctkp%3ABk9SR7jo17u8Zg
15061793661,ðŸŽ¸ Donner HUSH I Headless E-Akustikgitarre mit KopfhÃ¶rer Silent Practice,"CHF 136,68",Neu (Sonstige) Â· Donner,https://www.ebay.ch/p/Donner%2DHUSH%2DI%2DSilent%2DAcoustic%2DElectric%2DHeadless%2DGuitar%2DMahogany%2DNatural/15061793661?iid=354953029328
187650679907,NEUES ANGEBOTNeue tragbare Mini Pocket Gitarre/ausziehbarer Hals/6 BÃ¼nde/Lt Gewicht/Stimmwerkzeug/Cas,"CHF 5,63",Brandneu Â· Unbranded,https://www.ebay.ch/itm/187650679907?itmmeta=01K7HVNYGP44CW65AQ81Y02SF5&hash=item2bb0da2463:g:-SMAAeSwyHFo0q49&itmprp=enc%3AAQAKAAAAwMHg7L1Zz0LA5DYYmRTS30mPxkzUYrGTFmRMYoUW8oWv%2FuTkRxKJEvNQnTOUBB8WswYUKCvoKaNiQ2ReTPz4qp3SaJpw7QFknyBsvFGgibszjKdtsR7TKd26RcrZN4m1u0e6qVkuvhy2FreLKCwb4G9mIMEAhpj7OkDIqV9BpCgzEEuesdZcwcFaJy8oF3Rxra73bPAIw%2BJJPj4tFrMFaKhdGs%2BqGv%2F2bKihXhjdwsVJdQzv7QaY%2FQ2xv0rxnEjSog%3D%3D%7Ctkp%3ABk9SR7jo17u8Zg
357749279440,NEUES ANGEBOTTragbar Mini 6 Bund Gitarre Ãœbung HÃ¤nde Training Werkzeug Tasche Akkord Trainer L9,"CHF 8,41",Brandneu,https://www.ebay.ch/itm/357749279440?itmmeta=01K7HVNYGPPHDD4P57JPDM7Q7Q&hash=item534b84cad0:g:F2UAAeSwt2to7hlX&itmprp=enc%3AAQAKAAAAwMHg7L1Zz0LA5DYYmRTS30kb08%2BesDpGatsGttrmNuNh9PdoUnKyb5OHzLUfLUJslUlRizlif5A3QivYBBlaPO7nZdO%2FUDWKEluer6H0fBPXl%2FCu0D0m9egv%2B5ohULj3IuufgeW5IMBE7Lk%2FOTP5FtsgXTIRNGWzOykxS8WonHS8zb5k1667O6IIuR4y2qRc9gKG2eDncHWFCSrGFL4zd%2Fpoh8BhGZCpuSxQImoG9wot%2FOmlQgy3nlk2uOiLlEixCQ%3D%3D%7Ctkp%3ABk9SR7jo17u8Zg
4036986480,LUNA Safari Bambus Akustik Reise 3/4 GrÃ¶ÃŸe GITARRE NEU mit GIG BAG,"CHF 201,02",Brandneu Â· LUNA,https://www.ebay.ch/p/LUNA%2DSafari%2DTribal%2DTobacco%2DSunburst%2DAcoustic%2DElectric%2DTravel%2DGuitar/4036986480?iid=405830727815
316546388512,Donner HUSHâ„¢ I Akustikgitarre E-Gitarre Ahorn Kompakt Ãœben AuffÃ¼hren Reisen,"CHF 118,19",Zertifiziert - Refurbished Â· Donner,https://www.ebay.ch/itm/316546388512?itmmeta=01K7HVNYGP8AEBC4ZCW80YM4QQ&hash=item49b3a29220:g:UgEAAOSwXPxoJEuO&itmprp=enc%3AAQAKAAAAwMHg7L1Zz0LA5DYYmRTS30kwlxpnp7aCOf5KdcAnzB0hpUVjrABMoptHjxVOh7tzzxvx8wKzdPDrpGxg3z2%2BRxx9s18Z3qfCtPuTKZmFAiDgOzwLxYNQDU4vb0mke1Sqt7G6nLYVu9CdNdFbBIuXVE8weKCKrKw1g7nI8iD4jRrJ12BzhraNDeX8L9FscGiJQigIkpq8XsIT2lQjf80afGSjTPfIYD2EflsM4iKxihO5vfLoMQ9ZCdd88UjVhKq%2FMQ%3D%3D%7Ctkp%3ABk9SR7jo17u8Zg
267428553066,Yamaha Reisegitarre APXT-1,"CHF 92,47",Gebraucht Â· Yamaha,https://www.ebay.ch/itm/267428553066?itmmeta=01K7HVNYGP6ADY5XRYR3VNAH0H&hash=item3e43fbe16a:g:VxAAAeSwXHVo5H~o&itmprp=enc%3AAQAKAAAAwMHg7L1Zz0LA5DYYmRTS30kcIOIsIRym%2BeOX34MzQD7CTyw3WdS1VbrHEX62UDPG41AdIGMCjHEd%2B6BLegOfqjBrZv%2FrPNbj3lBDIXdekfQgNQjcDm0WDLv2NAb9M5mdwKWWw%2ForVKdF87nyM%2F%2Blgn6oAfjIGj8CRustqiy1%2B3IJC3wEHUMBt%2BAcDDyHAWWB5vaztgMvelIdISBZzApPj5BIgNhb%2FogIAzmf5HPiKkXrkKFO6LIahIn9lVWA1pBs0w%3D%3D%7Ctkp%3ABk9SR7jo17u8Zg
186458006242,Austin Beil Reisegitarre blau Hals durchgehend,"CHF 402,04",Gebraucht Â· Austin,https://www.ebay.ch/itm/186458006242?itmmeta=01K7HVNYGP03WVQHRJ286XJM1M&hash=item2b69c362e2:g:rtQAAOSwYCZmUPHK&itmprp=enc%3AAQAKAAAA4MHg7L1Zz0LA5DYYmRTS30n37Kh8lEfubKBQZOPY1k2qjdm6Ap7Nmb8RPvVpEFPjDz1G6S0qkKfk%2Fep1Xch%2BXaOlvBIiszpmq2wBjChFA%2Fn5%2BPihtb%2BiMNJaVIkjbxIyzde9eCZQqzOSR4jyIC6o%2F3RXWLbRly8DA%2Fiyh1defANu1aBAqk2b7dw58GB%2FAyir%2ByusUSkpHWYQX63VQWNA0lkHcXBnIsAfESHJUQglTW5z7mmDJlXbkJTmD72Fb1e%2BJXWlBpe90WE8WEws4PIOCA9ef9gNwbKD5RLEgoTPqWAR%7Ctkp%3ABk9SR7jo17u8Zg
286212842436,6 Bund Tasche Gitarre Ãœbungswerkzeug Akkordtrainer mit drehbarem Diagramm Bildschirm,"CHF 21,61",Brandneu Â· Unbranded,https://www.ebay.ch/itm/286212842436?itmmeta=01K7HVNYGP8V6DD1D7NWNAYHGD&hash=item42a39d63c4:g:KpUAAeSwJGVo0MTW&itmprp=enc%3AAQAKAAAA4MHg7L1Zz0LA5DYYmRTS30kQvI5IsJ404Gqk6xXqkTusL7TkK9e5q0EXUJnWVGgYj8DWuW%2BavOaZoW8kZzo2iPkh8E56S3t7QqFDq8zfOdDBMuAZfvweRXFoaakfHN6M6iwZdroI0k1wT4upNUHdBLjbnjqSXSuE0Ws8a8XDl%2BBHnWOivf2F5HBdtbSnnHI0LSF2TuwnFWugm12dOVmRcGKI3ghM14bCrWwSWowWHha4yjCOA1tuMD0P4aiPm0NAekHsLQiC0vFaYlwrAHmyV3hGcgZ4wAg1cstvhZwGTkNp%7Ctkp%3ABk9SR7jo17u8Zg
134108151151,Batking elektrische Reise Headless Gitarre mit doppelter Verriegelung Tremolo BrÃ¼cke mit Tasche,"CHF 160,81",Brandneu,https://www.ebay.ch/itm/134108151151?itmmeta=01K7HVNYGPBGYJA1A8BYXB3WV9&hash=item1f3977fd6f:g:hkYAAOSwg5pkABwc&itmprp=enc%3AAQAKAAAAwMHg7L1Zz0LA5DYYmRTS30nzqmB4MZeminnjXyhuTN87CTFvwhHnO0lbJmwMjFukUZa24chJ2sOmrDGQboR1e4ftpCVtAolVXc40UkQPmxrFXVYAqMQlghza8G30fLoW08E%2BKlAwXTm3GzRiEcCT86Isbi1rYI%2BU1hogPNRhcqj%2FxiDOGLeTzbBon3sOjcnIv6azmEiZSxrc4Sio8%2FGKcbzVTxB0Jg%2Bwu9YWFuAkFm6b6S9%2FGIEVDYUco5QFtzvI%2FA%3D%3D%7Ctkp%3ABk9SR7jo17u8Zg
267228658297,Cordoba La Playa Frankenreiter Cutaway E-Nylonsaiten Reisegitarre,"CHF 160,02",Gebraucht Â· Cordoba,https://www.ebay.ch/itm/267228658297?itmmeta=01K7HVNYGPHECQMBR9MXQV8VGE&hash=item3e3811ba79:g:ad4AAOSwZQ9oB6p5&itmprp=enc%3AAQAKAAAAwMHg7L1Zz0LA5DYYmRTS30nThIyh%2F5svW39iV06PkHg2KnvGOBiqWwedqNr%2BN%2Bohn%2Fan43jOCfsvCSwz%2FIMnjTO44abesEacWlI1y0nfMZAuCMbg7s3xd9iYiE3AfUd%2FsjAv0NVDVPlFUN41WUWgD8lN3feiUdbV8aN4Pjzh%2F%2BsIe2L4MY%2B%2FGG7Obd5gPpQRvB9QcbxYn3N8lEsKhfVlN3NdI%2BVJbKcjJ5IN4WUooihivWNwi5K7md8FBARQ4gcqvw%3D%3D%7Ctkp%3ABk9SR7jo17u8Zg
317258284954,Donner HUSH-I Pro E-Akustikgitarre mit integriertem Multieffekt | Sunburst,"CHF 253,28",Zertifiziert - Refurbished Â· Donner,https://www.ebay.ch/itm/317258284954?itmmeta=01K7HVNYGP8CBFN4GKX1PA1WK2&hash=item49de113f9a:g:PTwAAeSw~Y5ogFk2&itmprp=enc%3AAQAKAAAAwMHg7L1Zz0LA5DYYmRTS30m22ImESiph9MXd8PZqOr6wbh5s8YRyG1GJxCZStNpFME%2F2NuutRjx%2BLwXcO3zrsmUrm%2FzuLi7rd95R6xkT0ySz9U20BIMSyzT41wscMiXExKN5vWxrPjPDPr3QmPGBsBfvshM6QyIKbhSMajf%2Bm58uj3Xf1EVEz%2F6E8mJJazHoMBTAkEYmny9NBShiJBwIqZgzdvnrYS0%2BtjZvgaqvshqsUejJHRCV9Yy6Pxkm0XiMAA%3D%3D%7Ctkp%3ABk9SR7jo17u8Zg
116729340095,ALP Allegro Headless Reisegitarre,"CHF 401,25",Brandneu,https://www.ebay.ch/itm/116729340095?itmmeta=01K7HVNYGP8V9G7547X31SF7HX&hash=item1b2d9c60bf:g:SREAAeSwbwdohaqO&itmprp=enc%3AAQAKAAAA4MHg7L1Zz0LA5DYYmRTS30mfiVSHV3s%2F0MGZWQGWNysL7bgm7WXGFT49%2BF%2BmAn0ZGCchpw2uAW16WkX%2Ft7WUCnSxsV1BwP4kW5zlThH8n7bMWStSb11E6Ed7vkgYretAC7VQZzuUkv3fPDVCNAyu0HiEfH9oLQ6m4IwkABlsSR00Xi4bnB0ZvnVNar8BZ2lIJN%2BwaMzEG6RRQefeuVwClv%2BKUal5H5KyrzCegstFu7IDdrCPuJoGXNnWEv8nFbtjWk0jo%2B0ZCfTdjZ0Lp8pYCNpUzaUL5%2BAOHK2I4%2Bdqb3rk%7Ctkp%3ABk9SR7jo17u8Zg
357556152649,US WH Full scale length electric acoustic guitar silent travel portable F75-BK,"CHF 201,02",Brandneu,https://www.ebay.ch/itm/357556152649?itmmeta=01K7HVNYGPS3RY6WBBXH7JP2XQ&hash=item534001e949:g:jvkAAeSwqahoto9y&itmprp=enc%3AAQAKAAAA4MHg7L1Zz0LA5DYYmRTS30lnExTj%2BcNVGdesOkGfFZBFyyr%2B4XL9dezWyrEboprFuaJkDesX6q0N%2BFbxJNPm8--eODrgc7lIi8fSd81UzKdiOTMwyT72r8mQGQEDMpd%2BlqAS80xkghRWqj9zTiUZu5CzkE9sl4eMxwbXOALGQ4bBoxrXQM0AcMwkPpB8xcYDL%2FvGLnZBUeNZng29W5WGhbCE6p8bRCIxb7XhbglYYWfB2X1EKl0BtckjCM6E4NCP2b%2FdgixzwUwothhp84WXveMrkFMQjpJMat%2B8kjRFFgyB%7Ctkp%3ABFBMuOjXu7xm
396687466567,DIY 6 Six String Electric Guitar Kit Ash Body Maple Fingerboard,"CHF 192,98",Brandneu Â· Unbranded,https://www.ebay.ch/itm/396687466567?itmmeta=01K7HVNYGPQA8KRA31YXQ7CYW3&hash=item5c5c6a6047:g:QVkAAOSwnvtoPlbC&itmprp=enc%3AAQAKAAAA4MHg7L1Zz0LA5DYYmRTS30k12D17u9uD3r0ibMiBRIym1JWYdUPqBYAMCQDDRy1MMb1p6L5c%2BnFm1al6f%2FIAsqoGR29jVq2GS3sJSdBkbSTz%2BRkzU5kDbM16ZVf5M3PVHzdFG2P9TorYEaV%2B%2FQYCaXx9iiQMoTQuOGEBpeny7yfGNEhg%2FL80yXfKhNpg%2F7U6vpplMJMs7zJV3IBs9sSlnw%2BM5bbJSLyX5IYiKwFj58SOXV4Si%2FgAbjlFvUc6yUxgBoU3wNZ%2FJFUyRVmIGG4z7WljhXIjvP5trfh6IB6sTuCj%7Ctkp%3ABFBMuOjXu7xm
